Source_Wallet_ID,Dest_Wallet_ID,Timestamp,Amount,Token_Type
0x0f4fe5b89bc5bfd28aece6e573cbfcfe5ffafdda,0x5cfaa42b27b3c4f8ad5cba7af1d1e4b5aa6ecfd3,1777346,3.203477,BNB
0xaf64b674dbb0415e8200a0dcb73e9b3aec3bfae2,0x940f1ac87acbd0a8aeca88017c722bfac7300f6b,1777353,2.31007,USDT
0xae685f0a1fccf3ed5cbeda46b077ee26c1825f9d,0x4bff44d1acff00dc690b5d4dfaa373336d0aeb10,1777355,20.120823,BNB
0xe78cc9caa2aab2d3ab0fa23e9c9015288a0e5d71,0xbfedb7adcca1ffb1dd3d5b400e8cce2aa5d231a2,1777363,2.656736,BTC
0xfcbcef61f2f7b3badbaafa485feea8ecd2e4dc99,0x271c703c5bd28a18fdf99fabca9aa5dbdeebd41b,1777364,5.003016,BNB
0x940f1ac87acbd0a8aeca88017c722bfac7300f6b,0x5e3da46fb60cf16ca6aff140dac06d0cac82db31,1777367,20.818013,USDT
0x1c4ffe5f9df6ba1ace9837d3baf9434010cf6de2,0xafbbad808c61d2fffd02dcd9c24f5e873f30f3e8,1777367,208.392272,BTC
0xaa1cba885d5aa28c87ae6fcfde30eb878ffa6d79,0xca2acf96fc1b2badb2008eb3d1aca59dbb8cda4b,1777373,1578.962164,BTC
0xcecda1a10aff0f403f4ec955f8f41ab5a2c95acf,0x8f93b66b6a4f02befecdfe6cffd9b54cb30e922d,1777377,26.954805,BTC
0xbfedb7adcca1ffb1dd3d5b400e8cce2aa5d231a2,0x1e484d2f356b3b8718f3fbabbef303e7f2cda37e,1777379,3.411269,BTC
0x3dda2ce1af3cfa7c7ef12d110fde5c2d8c98f2f8,0xb7ef9bbacbbd8c7fbeb0762abcbc98cbcf503913,1777381,3.746016,ETH
0xecfdd03d536bfcdff0ad3dd90a93ebe9b5b0b57c,0xe58b986cf5a537bcde334243bababfb6b69ec34e,1777388,9.812214,ETH
0xbc2cfc15be3c7b164fcf9beed4bdb3af54f7a50b,0xfa0e206569f4c666df8dcfafecdd3d626653d159,1777393,77.664171,BTC
0xaed148121aa4e240d55b7689abf1bed1a47b3ea0,0x31afc738e0200bcc22e1bed0ec54cd1ddbc123dc,1777400,90.3242,BNB
0xbc2cfc15be3c7b164fcf9beed4bdb3af54f7a50b,0x7030c6c68b2afe5abaada92131cef2aed8dab0e5,1777410,0.429312,BTC
0xf832c2f5d24af2693e14587ab64b78c86509982c,0xe9410a7b7aa67c2ec0ad6eb099dfdf461c2b679a,1777417,27.904651,BNB
0x691b95ff16e47460df9a224ce95ef9fb0bf7578b,0xbfedb7adcca1ffb1dd3d5b400e8cce2aa5d231a2,1777417,7.621761,BTC
0xaed148121aa4e240d55b7689abf1bed1a47b3ea0,0xe78cc9caa2aab2d3ab0fa23e9c9015288a0e5d71,1777419,18.935633,ETH
0xcef73eeabbe3cca5dab1cdcba933d00e0bca0fe6,0x8ccd9dc8ebdedba6cebda4acfefc55b1dde21fef,1777428,26.158608,BTC
0x492bac8f14fcb3a7ddfdddefaf1bf506a52f83e1,0xca2acf96fc1b2badb2008eb3d1aca59dbb8cda4b,1777437,50.684483,BNB
0xe0dcefa4dfb5ef0f008de60cceb65336e8bb275b,0xff41e82517f73fbb9947fb2eb43a6cc40b1cf872,1777448,3.348094,ETH
0x536e963f49496ea98fadcc1217f9230c6cba8db6,0x4bff44d1acff00dc690b5d4dfaa373336d0aeb10,1777476,4.004389,USDT
0x98cdee7ccd9ba26409ac91eced50aaaebedb0ba7,0xfa0e206569f4c666df8dcfafecdd3d626653d159,1777501,84.95434,BNB
0x31afc738e0200bcc22e1bed0ec54cd1ddbc123dc,0x83fbffd4a1fd868a6b9742252d1cdc5241d187b2,1777515,5.973508,BNB
0x03c87a2c9faf8fcae3f3789a2c8cfa442adffe36,0x5e3da46fb60cf16ca6aff140dac06d0cac82db31,1777532,17.459027,BNB
0x75102dfdaae6b2eae393cbdd03ebad56f077eaee,0x0f34c1949797ae9b681ab36cad5c3e757efefab0,1777540,14.647391,USDT
0x097365a74c358ea6fedbf5a9d6d4a6969637ede7,0xcdbc3ca66c7fda76b5e1cafef9bcb3eb3f2df19c,1777545,22.668908,BTC
0xe78cc9caa2aab2d3ab0fa23e9c9015288a0e5d71,0x96ae33fb0fdf2601c24908a91f29ffcb557fefef,1777556,16.419595,ETH
0x75102dfdaae6b2eae393cbdd03ebad56f077eaee,0xe34778babe1df1c3bd37edea8b2cddb63e06fb3e,1777572,8.56576,ETH
0xbfedb7adcca1ffb1dd3d5b400e8cce2aa5d231a2,0x79707bab71ec73a1139bd492b1eb4acfa4c2fcf8,1777576,162.866884,BTC
0x98cdee7ccd9ba26409ac91eced50aaaebedb0ba7,0x1c6fbe288afbcfdc5bf3ea8eacbfa2b8a6b82d1e,1777596,29.024502,BNB
0xe794af55d65da53fbf5cef1ca6e1fea85889da88,0x7030c6c68b2afe5abaada92131cef2aed8dab0e5,1777596,8.098163,USDT
0x5cfaa42b27b3c4f8ad5cba7af1d1e4b5aa6ecfd3,0x940f1ac87acbd0a8aeca88017c722bfac7300f6b,1777598,21.239411,BTC
0xae685f0a1fccf3ed5cbeda46b077ee26c1825f9d,0xcecda1a10aff0f403f4ec955f8f41ab5a2c95acf,1777619,146.456471,USDT
0x1db3dc0daac4968e37137ed937abcaac444d5e03,0x79707bab71ec73a1139bd492b1eb4acfa4c2fcf8,1777620,57.038256,BTC
0x9d4d9b21aed92b90ef5580ff8fca5b40ecfb2781,0x097365a74c358ea6fedbf5a9d6d4a6969637ede7,1777623,3.925246,BTC
0x70d8beadcae2d6aab8979b7edf8f39acfd7ad004,0xcf2b5fc2faeac89abac9bffadbfd3f4fbdfded1a,1777631,31.281361,ETH
0x1db5a3de1c6ee6e89cfdf6c2a24e4de9bc67fe37,0xab5b4d5d97f365f90f04bce60422ed25db732ffe,1777636,27.471736,BNB
0xe794af55d65da53fbf5cef1ca6e1fea85889da88,0x1db5a3de1c6ee6e89cfdf6c2a24e4de9bc67fe37,1777646,14.871353,BTC
0x0f34c1949797ae9b681ab36cad5c3e757efefab0,0xe58b986cf5a537bcde334243bababfb6b69ec34e,1777653,14.603631,USDT
0xdccbf677710fba83aaab9fcf352baf9a535aad80,0x03c87a2c9faf8fcae3f3789a2c8cfa442adffe36,1777657,4.01061,ETH
0xada7daeaa37b7dd4c9dd3c1cc4d4ecbfd8cc6adf,0x4bff44d1acff00dc690b5d4dfaa373336d0aeb10,1777671,65.300352,BTC
0xfd3110a63ab0a0353ddbafdcc66fc4ccea481842,0xca2acf96fc1b2badb2008eb3d1aca59dbb8cda4b,1777674,10.498193,BTC
0xbc2cfc15be3c7b164fcf9beed4bdb3af54f7a50b,0x999bbe8dbdd623ca98d5c53deb4c1eade07bcefe,1777679,5.134105,USDT
0xcbbf9a61bde4aefac7a5fa8ac3e16bced9b2c8c9,0x1c8a0ded2b6dd38ec1c8c1fd29a9da6e9cdefd5d,1777690,20.031635,BTC
0x097365a74c358ea6fedbf5a9d6d4a6969637ede7,0xfd3110a63ab0a0353ddbafdcc66fc4ccea481842,1777694,96.559341,USDT
0x7030c6c68b2afe5abaada92131cef2aed8dab0e5,0xf002a0bcdcdbcde21e9d02dda4cddc87de2088d2,1777700,16.41176,ETH
0xca881b2cecaaef5b0a107d4072b23e3dbc245c2a,0xbbcd5d9dfa48a1b8e0eaf71d8350ee992b86110e,1777705,31.793729,BTC
0xecfdd03d536bfcdff0ad3dd90a93ebe9b5b0b57c,0xcdbc3ca66c7fda76b5e1cafef9bcb3eb3f2df19c,1777711,8.280881,BNB
0x83fbffd4a1fd868a6b9742252d1cdc5241d187b2,0xafbbad808c61d2fffd02dcd9c24f5e873f30f3e8,1777717,13.221412,USDT
0xaed148121aa4e240d55b7689abf1bed1a47b3ea0,0xabd2e1ac97065e80def03b22b3e08ae9211ad0fa,1777730,47.687669,ETH
0xf9fe41c47652066eda6f70bf6eb89c4b8a2e8cab,0xab5b4d5d97f365f90f04bce60422ed25db732ffe,1777731,172.364264,ETH
0x21f5f8559ff4de3f9ff42bc82ff3d7bdcbfd8c02,0xe794af55d65da53fbf5cef1ca6e1fea85889da88,1777731,10.500083,ETH
0x097365a74c358ea6fedbf5a9d6d4a6969637ede7,0x1c4ffe5f9df6ba1ace9837d3baf9434010cf6de2,1777739,2.947599,BTC
0xb7ef9bbacbbd8c7fbeb0762abcbc98cbcf503913,0xe591f5aafe2e2bc1e8fadcba5ce25e24eebeb14f,1777743,580.677219,ETH
0xcf2b5fc2faeac89abac9bffadbfd3f4fbdfded1a,0x82af7a7a20af5bb0e624f8b0d9be3be7bca50df8,1777750,163.522322,BNB
0x70d8beadcae2d6aab8979b7edf8f39acfd7ad004,0xbc2cfc15be3c7b164fcf9beed4bdb3af54f7a50b,1777753,82.422134,BNB
0xaa1cba885d5aa28c87ae6fcfde30eb878ffa6d79,0xe794af55d65da53fbf5cef1ca6e1fea85889da88,1777769,1.884977,BTC
0x21f5f8559ff4de3f9ff42bc82ff3d7bdcbfd8c02,0x7030c6c68b2afe5abaada92131cef2aed8dab0e5,1777775,19.908198,BNB
0xefc2a9ef6d5a3f8ccecd9379ca00eafafe79d1ec,0xaed148121aa4e240d55b7689abf1bed1a47b3ea0,1777804,8.807067,BTC
0xcecda1a10aff0f403f4ec955f8f41ab5a2c95acf,0x5e3da46fb60cf16ca6aff140dac06d0cac82db31,1777805,7.006739,USDT
0x9d4d9b21aed92b90ef5580ff8fca5b40ecfb2781,0xcef73eeabbe3cca5dab1cdcba933d00e0bca0fe6,1777820,8.484017,BNB
0xab5b4d5d97f365f90f04bce60422ed25db732ffe,0x75102dfdaae6b2eae393cbdd03ebad56f077eaee,1777858,28.977478,ETH
0xbc2cfc15be3c7b164fcf9beed4bdb3af54f7a50b,0x7030c6c68b2afe5abaada92131cef2aed8dab0e5,1777866,15.656751,ETH
0x1e484d2f356b3b8718f3fbabbef303e7f2cda37e,0xfcbcef61f2f7b3badbaafa485feea8ecd2e4dc99,1777867,43.887038,USDT
0xbc6ee3dbfae871cc1a3347ac73e01d44ec6e6ec0,0x1db5a3de1c6ee6e89cfdf6c2a24e4de9bc67fe37,1777882,77.404192,BNB
0x1146e61de51b30beb64df40e7fe965b1aaea8a8e,0xfc9d4f15cad3e7f70b9b44b9afce9d72b96aee22,1777885,9.95291,BNB
0xcdbc3ca66c7fda76b5e1cafef9bcb3eb3f2df19c,0x0f34c1949797ae9b681ab36cad5c3e757efefab0,1777890,23.620064,USDT
0xe58b986cf5a537bcde334243bababfb6b69ec34e,0x21f5f8559ff4de3f9ff42bc82ff3d7bdcbfd8c02,1777902,24.208599,USDT
0xcf2b5fc2faeac89abac9bffadbfd3f4fbdfded1a,0xf1b72def42e5dcfdb4baae38d476adeeeecc075d,1777904,70.007264,BNB
0xefc2a9ef6d5a3f8ccecd9379ca00eafafe79d1ec,0xf73af1cf26caf4afc9cc2c5bd51b8fac3bc1be76,1777910,12.462853,BNB
0x83fbffd4a1fd868a6b9742252d1cdc5241d187b2,0xfcbcef61f2f7b3badbaafa485feea8ecd2e4dc99,1777918,9.473743,USDT
0xafbbad808c61d2fffd02dcd9c24f5e873f30f3e8,0xf002a0bcdcdbcde21e9d02dda4cddc87de2088d2,1777957,17.048822,BTC
0xcef73eeabbe3cca5dab1cdcba933d00e0bca0fe6,0xcdbc3ca66c7fda76b5e1cafef9bcb3eb3f2df19c,1777984,21.927609,ETH
0xbfedb7adcca1ffb1dd3d5b400e8cce2aa5d231a2,0xae2df7ef198afbd652ba7826ca93bbcd5e011eaa,1777984,18.293827,USDT
0xafbbad808c61d2fffd02dcd9c24f5e873f30f3e8,0x0fa6184e197a6e24daedee5a5f9b0bfea99a29e2,1777985,15.190854,BNB
0x21f5f8559ff4de3f9ff42bc82ff3d7bdcbfd8c02,0xa2c6a570dfb2e3518c83fde6cbaa20f5c7bf2ad1,1777990,2.419234,BNB
0xd34e532a2fcaab1ae6a96cdeec099c6f5edae1fe,0x96ae33fb0fdf2601c24908a91f29ffcb557fefef,1777993,195.675926,USDT
0xf5cb8190c2d8c024a6af7ca7c3debc45a31acea1,0x71eb266a940a6df915df7e0f8848be0aa8f3be35,1777997,10.41829,ETH
0x0f4fe5b89bc5bfd28aece6e573cbfcfe5ffafdda,0x83fbffd4a1fd868a6b9742252d1cdc5241d187b2,1778000,406.57409,ETH
0xaf64b674dbb0415e8200a0dcb73e9b3aec3bfae2,0xbc8caede171b4cecbbde7e546ff3fc114bb4631f,1778007,6.561496,BTC
0x0f4fe5b89bc5bfd28aece6e573cbfcfe5ffafdda,0xaf64b674dbb0415e8200a0dcb73e9b3aec3bfae2,1778011,28.397278,BTC
0xf002a0bcdcdbcde21e9d02dda4cddc87de2088d2,0x0fa6184e197a6e24daedee5a5f9b0bfea99a29e2,1778013,3.730259,ETH
0xe0dcefa4dfb5ef0f008de60cceb65336e8bb275b,0xbfedb7adcca1ffb1dd3d5b400e8cce2aa5d231a2,1778022,12.65371,BTC
0xb57ebc78e00e15508fc0fdc363af6faf9ccbe115,0x1e484d2f356b3b8718f3fbabbef303e7f2cda37e,1778055,64.915623,BTC
0xd34e532a2fcaab1ae6a96cdeec099c6f5edae1fe,0x82e9adb2bf47bef9ed11dee47a83ad6aca6f168a,1778064,38.21519,ETH
0x82e9adb2bf47bef9ed11dee47a83ad6aca6f168a,0xecfdd03d536bfcdff0ad3dd90a93ebe9b5b0b57c,1778071,55.42645,BNB
0xff41e82517f73fbb9947fb2eb43a6cc40b1cf872,0x82af7a7a20af5bb0e624f8b0d9be3be7bca50df8,1778071,6.393939,BTC
0x5cfaa42b27b3c4f8ad5cba7af1d1e4b5aa6ecfd3,0x3dda2ce1af3cfa7c7ef12d110fde5c2d8c98f2f8,1778074,13.634168,ETH
0xaa1cba885d5aa28c87ae6fcfde30eb878ffa6d79,0x3dda2ce1af3cfa7c7ef12d110fde5c2d8c98f2f8,1778080,8.427702,BTC
0x8ccd9dc8ebdedba6cebda4acfefc55b1dde21fef,0xafbbad808c61d2fffd02dcd9c24f5e873f30f3e8,1778085,103.320559,USDT
0xff41e82517f73fbb9947fb2eb43a6cc40b1cf872,0xefc2a9ef6d5a3f8ccecd9379ca00eafafe79d1ec,1778089,85.874422,BNB
0xab5b4d5d97f365f90f04bce60422ed25db732ffe,0xada7daeaa37b7dd4c9dd3c1cc4d4ecbfd8cc6adf,1778106,1.868608,BNB
0x1146e61de51b30beb64df40e7fe965b1aaea8a8e,0x271c703c5bd28a18fdf99fabca9aa5dbdeebd41b,1778134,75.661363,USDT
0x691b95ff16e47460df9a224ce95ef9fb0bf7578b,0xfc9d4f15cad3e7f70b9b44b9afce9d72b96aee22,1778141,63.517105,ETH
0x748aa9c0acaaa7ef0d677c7a58050db6c4a1c0dc,0xcc30b97e8b2dfc6551f6be2d4ac46fcc7d20ffa1,1778145,2.23879,BNB
0x999bbe8dbdd623ca98d5c53deb4c1eade07bcefe,0x75102dfdaae6b2eae393cbdd03ebad56f077eaee,1778146,20.584182,USDT
0x1c8a0ded2b6dd38ec1c8c1fd29a9da6e9cdefd5d,0x70d8beadcae2d6aab8979b7edf8f39acfd7ad004,1778151,475.473313,BTC
0x36bece49b0f368b7512a19dbac0ff4b396dff8ee,0x1146e61de51b30beb64df40e7fe965b1aaea8a8e,1778155,7.459443,ETH
0xf1b72def42e5dcfdb4baae38d476adeeeecc075d,0x234bcdee7c3a215ffc54acae1edc8c4f25cbf18c,1778172,13.56759,BTC
0xbc6ee3dbfae871cc1a3347ac73e01d44ec6e6ec0,0xbc2cfc15be3c7b164fcf9beed4bdb3af54f7a50b,1778177,0.30872,BTC
0xe78cc9caa2aab2d3ab0fa23e9c9015288a0e5d71,0xff41e82517f73fbb9947fb2eb43a6cc40b1cf872,1778178,4.029297,BTC
0xecfdd03d536bfcdff0ad3dd90a93ebe9b5b0b57c,0x0f34c1949797ae9b681ab36cad5c3e757efefab0,1778183,38.670967,BTC
0xaa1cba885d5aa28c87ae6fcfde30eb878ffa6d79,0x82af7a7a20af5bb0e624f8b0d9be3be7bca50df8,1778190,3.150506,USDT
0xbc6ee3dbfae871cc1a3347ac73e01d44ec6e6ec0,0xbb110937dbf2bea2abbebde443af84bfa41edb90,1778191,193.782476,USDT
0x8d9df09edcbdf7d1adda7c4f7caca9dab1bd0605,0x940f1ac87acbd0a8aeca88017c722bfac7300f6b,1778205,151.493168,USDT
0x0f4fe5b89bc5bfd28aece6e573cbfcfe5ffafdda,0xbbcd5d9dfa48a1b8e0eaf71d8350ee992b86110e,1778214,117.287196,BTC
0xcdbc3ca66c7fda76b5e1cafef9bcb3eb3f2df19c,0xf1b72def42e5dcfdb4baae38d476adeeeecc075d,1778220,122.098392,BNB
0x748aa9c0acaaa7ef0d677c7a58050db6c4a1c0dc,0x21f5f8559ff4de3f9ff42bc82ff3d7bdcbfd8c02,1778221,98.353501,ETH
0x696bbea670ece9f86030fca56d960a937b7c05b2,0x492bac8f14fcb3a7ddfdddefaf1bf506a52f83e1,1778240,25.572925,USDT
0xecfdd03d536bfcdff0ad3dd90a93ebe9b5b0b57c,0x5d6bcac9090012da51099d8cd4547d9dd47d08a3,1778245,1.173184,ETH
0xde911c9e6d12c8fec4abc5b82e823c7b6afba31e,0x65fb9d09ce0e6fba4a67aadd851a42ddca73a358,1778245,8021.414437,BTC
0x536e963f49496ea98fadcc1217f9230c6cba8db6,0x234bcdee7c3a215ffc54acae1edc8c4f25cbf18c,1778268,26.162325,BTC
0x98cdee7ccd9ba26409ac91eced50aaaebedb0ba7,0xada7daeaa37b7dd4c9dd3c1cc4d4ecbfd8cc6adf,1778278,21.796894,USDT
0x271c703c5bd28a18fdf99fabca9aa5dbdeebd41b,0x75102dfdaae6b2eae393cbdd03ebad56f077eaee,1778279,1.313964,BNB
0xbb110937dbf2bea2abbebde443af84bfa41edb90,0xcdbc3ca66c7fda76b5e1cafef9bcb3eb3f2df19c,1778280,2.077489,BTC
0xee01fac4d36a9a48ef5c1ab8d68eea2f58e7f659,0x748aa9c0acaaa7ef0d677c7a58050db6c4a1c0dc,1778290,2.430165,BTC
0xbfedb7adcca1ffb1dd3d5b400e8cce2aa5d231a2,0xc449bcfa806aff42f0aaedf7dd9deeca4da37657,1778301,33.485959,ETH
0x65fb9d09ce0e6fba4a67aadd851a42ddca73a358,0xfe157e1929fa7bddda1e3ca62ee2d7b8bf2dda66,1778303,1518.861519,BTC
0xc6c4c80b2bcfbadb2e91bd5c59ec34dbc94bb420,0xdefffe5a5a2799adbdfe3e1c30c6db6e74e5adbb,1778306,6505.482144,BTC
0xcdbc3ca66c7fda76b5e1cafef9bcb3eb3f2df19c,0xf832c2f5d24af2693e14587ab64b78c86509982c,1778309,5.424429,BTC
0x3b3730efe2d164404faab6ddec2683aa1a88d4cb,0x65fb9d09ce0e6fba4a67aadd851a42ddca73a358,1778314,5744.132046,BTC
0xca881b2cecaaef5b0a107d4072b23e3dbc245c2a,0xee01fac4d36a9a48ef5c1ab8d68eea2f58e7f659,1778315,33.756761,BNB
0xe9fcccb1fdba6cbcec45fc95af7cd27008afc0af,0xfad2aadd3cbbeafbfe70dfe3eeda5d5e0cb2e54d,1778317,318.858209,BTC
0xca2acf96fc1b2badb2008eb3d1aca59dbb8cda4b,0xcbbf9a61bde4aefac7a5fa8ac3e16bced9b2c8c9,1778321,28.312241,ETH
0xff41e82517f73fbb9947fb2eb43a6cc40b1cf872,0xae685f0a1fccf3ed5cbeda46b077ee26c1825f9d,1778322,55.591491,BNB
0x9d4d9b21aed92b90ef5580ff8fca5b40ecfb2781,0x97aa5e57e714d3cbd4d9b6ffd5e16f233e0fc5ac,1778324,96.623428,ETH
0x1db3dc0daac4968e37137ed937abcaac444d5e03,0x1c4ffe5f9df6ba1ace9837d3baf9434010cf6de2,1778325,99.201932,BTC
0xf5cb8190c2d8c024a6af7ca7c3debc45a31acea1,0xbc2cfc15be3c7b164fcf9beed4bdb3af54f7a50b,1778334,26.763568,BNB
0x097365a74c358ea6fedbf5a9d6d4a6969637ede7,0x36bece49b0f368b7512a19dbac0ff4b396dff8ee,1778334,35.303835,USDT
0xca2acf96fc1b2badb2008eb3d1aca59dbb8cda4b,0x696bbea670ece9f86030fca56d960a937b7c05b2,1778342,14.192618,BNB
0x98cdee7ccd9ba26409ac91eced50aaaebedb0ba7,0x21f5f8559ff4de3f9ff42bc82ff3d7bdcbfd8c02,1778343,15.721353,USDT
0xab5b4d5d97f365f90f04bce60422ed25db732ffe,0xada7daeaa37b7dd4c9dd3c1cc4d4ecbfd8cc6adf,1778344,4.622242,BTC
0xb57ebc78e00e15508fc0fdc363af6faf9ccbe115,0x71eb266a940a6df915df7e0f8848be0aa8f3be35,1778344,102.776902,BNB
0xef1fb24bbbbc8fcb3e93fb6e9ccca94ff0b1505b,0x2beffb0b2f69660029d8ebbc45ade5313d886ccb,1778350,1350.166858,BTC
0xdc7029e8ed298e5e19d1dbe28ec037b2976beeab,0x2db3a2f711a7c3feeb56eb58d581f6ec36fbc76f,1778353,280.516194,BTC
0xb7ef9bbacbbd8c7fbeb0762abcbc98cbcf503913,0xf002a0bcdcdbcde21e9d02dda4cddc87de2088d2,1778357,4.379306,USDT
0xf1b72def42e5dcfdb4baae38d476adeeeecc075d,0xbfedb7adcca1ffb1dd3d5b400e8cce2aa5d231a2,1778360,8.655518,USDT
0x999bbe8dbdd623ca98d5c53deb4c1eade07bcefe,0xfcbcef61f2f7b3badbaafa485feea8ecd2e4dc99,1778364,23.436152,ETH
0xaed148121aa4e240d55b7689abf1bed1a47b3ea0,0xc8c250abfdaab07a3c27c19c74c35bffc78d0134,1778376,48.889912,ETH
0xfcbcef61f2f7b3badbaafa485feea8ecd2e4dc99,0x0f34c1949797ae9b681ab36cad5c3e757efefab0,1778377,2.729536,BTC
0x492bac8f14fcb3a7ddfdddefaf1bf506a52f83e1,0xaa1cba885d5aa28c87ae6fcfde30eb878ffa6d79,1778383,58.608758,USDT
0xbc2cfc15be3c7b164fcf9beed4bdb3af54f7a50b,0x79707bab71ec73a1139bd492b1eb4acfa4c2fcf8,1778384,9.301387,BNB
0xd8f6cc0cddd720722079ccff4efa5b9a3291a3a1,0x9bcc393cc340d6f3effe1443f58bbeaedb2ee21c,1778389,7432.886318,BTC
0x36bece49b0f368b7512a19dbac0ff4b396dff8ee,0xcf2b5fc2faeac89abac9bffadbfd3f4fbdfded1a,1778398,17.859217,BNB
0x03c87a2c9faf8fcae3f3789a2c8cfa442adffe36,0xf9fe41c47652066eda6f70bf6eb89c4b8a2e8cab,1778414,371.448103,BTC
0xef1fb24bbbbc8fcb3e93fb6e9ccca94ff0b1505b,0xdc7029e8ed298e5e19d1dbe28ec037b2976beeab,1778432,1127.919008,BTC
0xff41e82517f73fbb9947fb2eb43a6cc40b1cf872,0xdccbf677710fba83aaab9fcf352baf9a535aad80,1778440,65.079042,BNB
0x0fa6184e197a6e24daedee5a5f9b0bfea99a29e2,0x0f34c1949797ae9b681ab36cad5c3e757efefab0,1778448,54.12683,ETH
0x492bac8f14fcb3a7ddfdddefaf1bf506a52f83e1,0xc8c250abfdaab07a3c27c19c74c35bffc78d0134,1778454,6.653922,USDT
0x3ada049ec792ef3b89abe10138bbedae72c73ca2,0xe9fcccb1fdba6cbcec45fc95af7cd27008afc0af,1778465,1292.752028,BTC
0xbc6ee3dbfae871cc1a3347ac73e01d44ec6e6ec0,0xb7ef9bbacbbd8c7fbeb0762abcbc98cbcf503913,1778466,24.113859,BNB
0xacabb49b4cdb178fc50d0bfca1ac3d6ff3d78bc0,0x271c703c5bd28a18fdf99fabca9aa5dbdeebd41b,1778475,8.422835,USDT
0xd34e532a2fcaab1ae6a96cdeec099c6f5edae1fe,0xcc30b97e8b2dfc6551f6be2d4ac46fcc7d20ffa1,1778481,69.449099,BNB
0xc449bcfa806aff42f0aaedf7dd9deeca4da37657,0xca881b2cecaaef5b0a107d4072b23e3dbc245c2a,1778489,36.5368,USDT
0xa151cedddffd1c095d9a96f93edac1dbfc6cbbe4,0xecfdd03d536bfcdff0ad3dd90a93ebe9b5b0b57c,1778491,89.809861,BNB
0x31afc738e0200bcc22e1bed0ec54cd1ddbc123dc,0xc449bcfa806aff42f0aaedf7dd9deeca4da37657,1778494,8.444412,USDT
0xcdbc3ca66c7fda76b5e1cafef9bcb3eb3f2df19c,0xe9410a7b7aa67c2ec0ad6eb099dfdf461c2b679a,1778502,28.378875,BNB
0x82e9adb2bf47bef9ed11dee47a83ad6aca6f168a,0xc8c250abfdaab07a3c27c19c74c35bffc78d0134,1778504,6.178958,BNB
0x03c87a2c9faf8fcae3f3789a2c8cfa442adffe36,0x8f93b66b6a4f02befecdfe6cffd9b54cb30e922d,1778519,11.589319,ETH
0xd34e532a2fcaab1ae6a96cdeec099c6f5edae1fe,0x31afc738e0200bcc22e1bed0ec54cd1ddbc123dc,1778525,3.937209,USDT
0x3b3730efe2d164404faab6ddec2683aa1a88d4cb,0xef1fb24bbbbc8fcb3e93fb6e9ccca94ff0b1505b,1778530,7741.008094,BTC
0xb57ebc78e00e15508fc0fdc363af6faf9ccbe115,0x999bbe8dbdd623ca98d5c53deb4c1eade07bcefe,1778542,20.178532,ETH
0xf002a0bcdcdbcde21e9d02dda4cddc87de2088d2,0xbb110937dbf2bea2abbebde443af84bfa41edb90,1778543,1.426561,ETH
0x1db3dc0daac4968e37137ed937abcaac444d5e03,0x271c703c5bd28a18fdf99fabca9aa5dbdeebd41b,1778562,53.524589,BTC
0x03c87a2c9faf8fcae3f3789a2c8cfa442adffe36,0x71eb266a940a6df915df7e0f8848be0aa8f3be35,1778575,161.586572,BTC
0xdefffe5a5a2799adbdfe3e1c30c6db6e74e5adbb,0xc0a9eecc7a2d2e02d062aaed00bc2ae87cd316dc,1778594,1513.00985,BTC
0x3f92966f288c00fe92ea880a9b6c51567ae7f5f3,0xb7ef9bbacbbd8c7fbeb0762abcbc98cbcf503913,1778608,24.073765,BTC
0x4bff44d1acff00dc690b5d4dfaa373336d0aeb10,0xe78cc9caa2aab2d3ab0fa23e9c9015288a0e5d71,1778610,4.877479,USDT
0xf9fe41c47652066eda6f70bf6eb89c4b8a2e8cab,0xae685f0a1fccf3ed5cbeda46b077ee26c1825f9d,1778613,166.170557,USDT
0x1db3dc0daac4968e37137ed937abcaac444d5e03,0xab5b4d5d97f365f90f04bce60422ed25db732ffe,1778615,4.430402,USDT
0x1db3dc0daac4968e37137ed937abcaac444d5e03,0x96ae33fb0fdf2601c24908a91f29ffcb557fefef,1778622,3.717511,USDT
0xe34778babe1df1c3bd37edea8b2cddb63e06fb3e,0x1c8a0ded2b6dd38ec1c8c1fd29a9da6e9cdefd5d,1778624,3.47814,USDT
0xcf2b5fc2faeac89abac9bffadbfd3f4fbdfded1a,0xecfdd03d536bfcdff0ad3dd90a93ebe9b5b0b57c,1778631,2.634188,BTC
0xde911c9e6d12c8fec4abc5b82e823c7b6afba31e,0xdefffe5a5a2799adbdfe3e1c30c6db6e74e5adbb,1778634,7538.694983,BTC
0xf0451eddbbfbc0633ad420ed5cdf7590e14d1fe3,0x286e2cbcbdf0df64a6adff756ff3e0d2f8a0fcfa,1778638,5773.47979,ETH
0x84cde7ce2b1f1505b133de83e77ff158cac52774,0xc6f3e4e342e9bd5bccc6fbe2adacf2bad5d5d4a4,1778638,3792.173825,ETH
0xcc8583a7feca0ebc4210b875fa3ac4edf7aaaeaa,0x059a104e39daabfffbeb3cf9eb4bedcb10b2feec,1778638,4827.884156,ETH
0x7f01bfe755d2bd687bbafb7cefae25d98bcbaff5,0xdf7feeecbd73f5bffd6ccde09fc88eadbd46a9de,1778638,5171.86853,ETH
0xab09e88cbec259dc5b8ddb7a8e35a2566e2cdce2,0x2bbbcd92caebdb94a4bec7c5c12df3fe0ef0f33f,1778638,3642.056655,ETH
0xe0a23cd124b2a4d73abec7baef8c9cd6ca30dc0a,0x4ae8f03f5ee01cb230ca5be8fab7b71b3d202672,1778638,2117.326559,ETH
0xe2aee58aeb0b70ff6caabaeeb607e34c3a1ccfbe,0xbc7acf2bd0f79bdfbbbf360d41035cf871b801de,1778638,5716.645838,ETH
0x33a203f98199ddb31de34ab61538cfe5eaadcdd5,0x30b3c1d8fab6b29cc44b29d3c60dfddcd3a7364d,1778638,4586.670372,ETH
0xb4bee4dabaabf5bb1de807bcd68ebfdd2d3b88a5,0x6eddca9a9711edb596756065ef6c626a440fcc6a,1778638,2008.56198,ETH
0xf0451eddbbfbc0633ad420ed5cdf7590e14d1fe3,0xd4b3ddfb02ffb2f7454f47f9ec577ff665ad96ef,1778638,6156.430412,ETH
0x84cde7ce2b1f1505b133de83e77ff158cac52774,0xf31335da0c0db1d717dd4d7e17c02ebbddda5b83,1778638,3882.488023,ETH
0xcc8583a7feca0ebc4210b875fa3ac4edf7aaaeaa,0xc7a0afed2dfbbfe4b3fddcfac39dfed578cdad49,1778638,4798.602187,ETH
0x7f01bfe755d2bd687bbafb7cefae25d98bcbaff5,0xedeec9f6bf17fbb6dece59c1b859ca693053851f,1778638,5609.072278,ETH
0xab09e88cbec259dc5b8ddb7a8e35a2566e2cdce2,0xbb6acaaeeef7ef1c0bc808e88aaaaa1cdf1c6bbe,1778638,4485.429315,ETH
0xe0a23cd124b2a4d73abec7baef8c9cd6ca30dc0a,0xea0ab63ea13b1de5f8d1b96fb4c465b1d7fcfdf8,1778638,2032.281879,ETH
0xe2aee58aeb0b70ff6caabaeeb607e34c3a1ccfbe,0x869cdc50492c8f97dbbc9cefbb26bfe369df4fb5,1778638,4814.501887,ETH
0x33a203f98199ddb31de34ab61538cfe5eaadcdd5,0x6b315f4f4dfdfaddfef5e7cd5caebe66503ced8d,1778638,4585.843463,ETH
0xb4bee4dabaabf5bb1de807bcd68ebfdd2d3b88a5,0x72162cdbdadbb126d4addd3c6ea0e7fb9425cbaa,1778638,1819.811116,ETH
0xf0451eddbbfbc0633ad420ed5cdf7590e14d1fe3,0x9ddc1debaa20d40af22a80c1f3949bb8ed6fa78e,1778638,5817.212066,ETH
0x84cde7ce2b1f1505b133de83e77ff158cac52774,0x9b8f2fdc1631cdf9d735778df6cb86bc39818e70,1778638,3059.528279,ETH
0xcc8583a7feca0ebc4210b875fa3ac4edf7aaaeaa,0x59ba4fe01aa12dca0f56dedf52aa046dcb45febd,1778638,5753.499907,ETH
0x7f01bfe755d2bd687bbafb7cefae25d98bcbaff5,0x9fca46dc60aaaec85a3efcf7b6fce5f42ea4dd5a,1778638,5896.271685,ETH
0xab09e88cbec259dc5b8ddb7a8e35a2566e2cdce2,0xea6edac38cdf8cbed2bba2f70e8fb690e7b497a7,1778638,3980.761068,ETH
0xe0a23cd124b2a4d73abec7baef8c9cd6ca30dc0a,0xef49caced744f5f76e010f7c42b9fddf2babcbfd,1778638,2168.411669,ETH
0xe2aee58aeb0b70ff6caabaeeb607e34c3a1ccfbe,0xae5a594f17f2cef8fc91a7ca0272b92e7e3e2af3,1778638,5366.125545,ETH
0x33a203f98199ddb31de34ab61538cfe5eaadcdd5,0xcd2b1bea1fc6eaaf0a7e4101dcbf9bcf52ca51a4,1778638,5572.202583,ETH
0xb4bee4dabaabf5bb1de807bcd68ebfdd2d3b88a5,0x3f0cfebc53bcb5f264adb1271fae5de7ff3f850b,1778638,2108.712502,ETH
0xf0451eddbbfbc0633ad420ed5cdf7590e14d1fe3,0x9ecfd8fb27ebd840a1aefe0e1a3bc3d1d8a8fcf5,1778639,6095.749144,ETH
0x84cde7ce2b1f1505b133de83e77ff158cac52774,0x1e154fcfe8f1fbbe9246e2fcbdf8bd3b7d0c54f7,1778639,3190.004223,ETH
0xcc8583a7feca0ebc4210b875fa3ac4edf7aaaeaa,0x37da1b224b4fb75a18bc7ad1c45c5ea8edacd48e,1778639,5910.011675,ETH
0x7f01bfe755d2bd687bbafb7cefae25d98bcbaff5,0x1d8ef222d952a40bdecf77eef1aba7ff1fbc9bb3,1778639,5664.831007,ETH
0xab09e88cbec259dc5b8ddb7a8e35a2566e2cdce2,0x1c2899a33a48da0bca0f3d817c931fbf75deaace,1778639,3293.846497,ETH
0xe0a23cd124b2a4d73abec7baef8c9cd6ca30dc0a,0x15dc04ddddb3c2ebab8d718edbff19fa9a0cbe13,1778639,1720.984216,ETH
0xe2aee58aeb0b70ff6caabaeeb607e34c3a1ccfbe,0x6cbbe9dbb54af544fd7cbb22cda5ed87fc5cac51,1778639,4460.844549,ETH
0x33a203f98199ddb31de34ab61538cfe5eaadcdd5,0xc915dd07f3d5b800d82bc1e1cafeeef8fc6cb99b,1778639,4445.911595,ETH
0xb4bee4dabaabf5bb1de807bcd68ebfdd2d3b88a5,0xff3df999bdbc853aabdbdc8ac1259cf2605669a9,1778639,1929.69568,ETH
0xf0451eddbbfbc0633ad420ed5cdf7590e14d1fe3,0xbdf2593bac33ddbb5910cd0acc257ec77db7834d,1778639,4845.755294,ETH
0x84cde7ce2b1f1505b133de83e77ff158cac52774,0xfde8a4e08caed180137e33a2d66f3b8455b84f77,1778639,3701.416074,ETH
0xcc8583a7feca0ebc4210b875fa3ac4edf7aaaeaa,0xb79db22a457cf75dbc3badaf2a1f9c536a36c24b,1778639,5653.463979,ETH
0x7f01bfe755d2bd687bbafb7cefae25d98bcbaff5,0xe3bd368721e065b25a4fe073b58ee97b4fa3f4c8,1778639,5690.51351,ETH
0xab09e88cbec259dc5b8ddb7a8e35a2566e2cdce2,0xfc55dcad4eed963beb67bf9eb5a30c3a1ef4a37f,1778639,4419.091305,ETH
0xe0a23cd124b2a4d73abec7baef8c9cd6ca30dc0a,0xaa0fd5cbaa54adfd1f8bd36cebab3a7c1cbb1d92,1778639,1762.167956,ETH
0xe2aee58aeb0b70ff6caabaeeb607e34c3a1ccfbe,0x6367ddb4ccc1c6de9e08b0c05ea893a0fadbabc6,1778639,6388.92942,ETH
0x33a203f98199ddb31de34ab61538cfe5eaadcdd5,0xbafa6dd77f5bcbbab54ce3bc0572ed9af212fe58,1778639,5184.147299,ETH
0xb4bee4dabaabf5bb1de807bcd68ebfdd2d3b88a5,0xbdccfbeda0c450a75c96b2d99ac68eb41450c3bf,1778639,1544.250576,ETH
0xf0451eddbbfbc0633ad420ed5cdf7590e14d1fe3,0xffc021beb57bb5cc634fbebbf8980ff9ba1aa1e7,1778639,4827.132453,ETH
0x84cde7ce2b1f1505b133de83e77ff158cac52774,0x3d603ffde59bdcfff2ecabd327b6dadf8c3bc3a5,1778639,3107.391308,ETH
0xcc8583a7feca0ebc4210b875fa3ac4edf7aaaeaa,0xe58f6f08daca2ddb6cc23e36b7572b19d8eec4cf,1778639,5480.318265,ETH
0x7f01bfe755d2bd687bbafb7cefae25d98bcbaff5,0xc848af9fdfa0d0c428a96dbea8e0fb2e2a45fe8e,1778639,5192.380808,ETH
0xab09e88cbec259dc5b8ddb7a8e35a2566e2cdce2,0xadbc40266ff0afd5046cabf1f3bdb9ddb6ba35fd,1778639,3102.575158,ETH
0xe0a23cd124b2a4d73abec7baef8c9cd6ca30dc0a,0xae3babebdc18edf3b56d6ba7baf7cdb302a6a8db,1778639,1945.607646,ETH
0xe2aee58aeb0b70ff6caabaeeb607e34c3a1ccfbe,0x175ebdd1a83761f088dda20bbdcf2fea148582c9,1778639,5260.314795,ETH
0x33a203f98199ddb31de34ab61538cfe5eaadcdd5,0xddfbca141165da626cafc3c9181f0fe4ade6dee5,1778639,4874.521596,ETH
0xb4bee4dabaabf5bb1de807bcd68ebfdd2d3b88a5,0xcaa9448ac3a81860d9a900ca2dd45afc70fcf9bf,1778639,2048.312112,ETH
0xf0451eddbbfbc0633ad420ed5cdf7590e14d1fe3,0x8fb3bca1bf9b32eddec6eceb036b8be8a96ee624,1778639,5564.813313,ETH
0x84cde7ce2b1f1505b133de83e77ff158cac52774,0x64adfcbdfb39ddd4bc0df90bdbceba2bac8dcf83,1778639,3455.754724,ETH
0xcc8583a7feca0ebc4210b875fa3ac4edf7aaaeaa,0xb37e73cbf11685fa7a5bba2a71c746dabe8ff2e5,1778639,6273.429955,ETH
0x7f01bfe755d2bd687bbafb7cefae25d98bcbaff5,0x1472cf7db723c4b976bdebaefba51e6eafeebfe8,1778639,5313.152894,ETH
0xab09e88cbec259dc5b8ddb7a8e35a2566e2cdce2,0x9a4d3ffb5cf8e15d1d2e9c20a68b3adedf6dbb44,1778639,3800.111976,ETH
0xe0a23cd124b2a4d73abec7baef8c9cd6ca30dc0a,0xaeb18bb8d673bfbdcfa16d92656b46aedddd4136,1778639,1752.492061,ETH
0xe2aee58aeb0b70ff6caabaeeb607e34c3a1ccfbe,0xb0156dcf23b0ca9bc8bdac10fa829ed6a9ab4bcb,1778639,5452.154316,ETH
0x33a203f98199ddb31de34ab61538cfe5eaadcdd5,0x42d19b06a9fcba02df28acd93ee29e7cd2d9635a,1778639,4796.169676,ETH
0xb4bee4dabaabf5bb1de807bcd68ebfdd2d3b88a5,0x7d170d7d30c7a8f621baeaef24a510a7ae7a2e63,1778639,1608.524976,ETH
0xf0451eddbbfbc0633ad420ed5cdf7590e14d1fe3,0xeadcdcc69bf2b2fa43eb30ecc2490c1e4ddfeb0a,1778640,5046.56342,ETH
0x84cde7ce2b1f1505b133de83e77ff158cac52774,0x7cb0a9fb0cfe58bbcf2d8e3d1d7d4b3373bbe1e5,1778640,3661.26867,ETH
0xcc8583a7feca0ebc4210b875fa3ac4edf7aaaeaa,0x138bccfc76ed68c5c9b54148824fe42ccbb0daba,1778640,5338.03515,ETH
0x7f01bfe755d2bd687bbafb7cefae25d98bcbaff5,0x8b150c7b825789f7679ff1abd5ab92d97e2fdcf2,1778640,5102.551213,ETH
0xab09e88cbec259dc5b8ddb7a8e35a2566e2cdce2,0x985a13631b4baf03f0bd95c9fecee73ba3bafb4b,1778640,4111.50659,ETH
0xe0a23cd124b2a4d73abec7baef8c9cd6ca30dc0a,0xb3619d2a3ea562b9defff9e30adf35011e97cdee,1778640,2027.559393,ETH
0xe2aee58aeb0b70ff6caabaeeb607e34c3a1ccfbe,0x59dda7c97da02c89f98ca71ceea98b249c14f463,1778640,4732.144733,ETH
0x33a203f98199ddb31de34ab61538cfe5eaadcdd5,0xf3cecefe2da4a81c3c2f1c87dcf6bdc454dd55b1,1778640,5913.029355,ETH
0xb4bee4dabaabf5bb1de807bcd68ebfdd2d3b88a5,0x6b0cccf33e38cabdaa46ecc22cad3b4e8cce5c14,1778640,1520.580809,ETH
0xdf7feeecbd73f5bffd6ccde09fc88eadbd46a9de,0xa14c32a844c7e033a999f6c76631eedc80ddd4da,1778641,6115.628636,ETH
0xedeec9f6bf17fbb6dece59c1b859ca693053851f,0xa14c32a844c7e033a999f6c76631eedc80ddd4da,1778642,6597.923007,ETH
0x9fca46dc60aaaec85a3efcf7b6fce5f42ea4dd5a,0xa14c32a844c7e033a999f6c76631eedc80ddd4da,1778642,4423.675605,ETH
0x1d8ef222d952a40bdecf77eef1aba7ff1fbc9bb3,0xa14c32a844c7e033a999f6c76631eedc80ddd4da,1778642,6194.294214,ETH
0xe3bd368721e065b25a4fe073b58ee97b4fa3f4c8,0xa14c32a844c7e033a999f6c76631eedc80ddd4da,1778642,4781.511147,ETH
0xc848af9fdfa0d0c428a96dbea8e0fb2e2a45fe8e,0xa14c32a844c7e033a999f6c76631eedc80ddd4da,1778643,6325.238255,ETH
0x1472cf7db723c4b976bdebaefba51e6eafeebfe8,0xa14c32a844c7e033a999f6c76631eedc80ddd4da,1778643,4888.955177,ETH
0x8b150c7b825789f7679ff1abd5ab92d97e2fdcf2,0xa14c32a844c7e033a999f6c76631eedc80ddd4da,1778643,5938.356568,ETH
0xaed148121aa4e240d55b7689abf1bed1a47b3ea0,0xf5cb8190c2d8c024a6af7ca7c3debc45a31acea1,1778645,28.826438,ETH
0x4bff44d1acff00dc690b5d4dfaa373336d0aeb10,0xf002a0bcdcdbcde21e9d02dda4cddc87de2088d2,1778648,31.990517,ETH
0x75102dfdaae6b2eae393cbdd03ebad56f077eaee,0xdccbf677710fba83aaab9fcf352baf9a535aad80,1778649,17.839548,ETH
0x98cdee7ccd9ba26409ac91eced50aaaebedb0ba7,0xd34e532a2fcaab1ae6a96cdeec099c6f5edae1fe,1778649,35.529988,BNB
0xfd3110a63ab0a0353ddbafdcc66fc4ccea481842,0xf73af1cf26caf4afc9cc2c5bd51b8fac3bc1be76,1778651,14.148922,BTC
0xae2df7ef198afbd652ba7826ca93bbcd5e011eaa,0x5d6bcac9090012da51099d8cd4547d9dd47d08a3,1778653,41.549937,USDT
0x4ae8f03f5ee01cb230ca5be8fab7b71b3d202672,0xf3b32fedd8af9dc3483b949bdcf771bf5dd5cf6f,1778659,1824.170503,ETH
0xea0ab63ea13b1de5f8d1b96fb4c465b1d7fcfdf8,0xf3b32fedd8af9dc3483b949bdcf771bf5dd5cf6f,1778660,1816.290976,ETH
0x21f5f8559ff4de3f9ff42bc82ff3d7bdcbfd8c02,0x0f4fe5b89bc5bfd28aece6e573cbfcfe5ffafdda,1778660,1.196543,BTC
0x97aa5e57e714d3cbd4d9b6ffd5e16f233e0fc5ac,0x9d4d9b21aed92b90ef5580ff8fca5b40ecfb2781,1778660,5.248516,BTC
0xef49caced744f5f76e010f7c42b9fddf2babcbfd,0xf3b32fedd8af9dc3483b949bdcf771bf5dd5cf6f,1778660,1615.126935,ETH
0x15dc04ddddb3c2ebab8d718edbff19fa9a0cbe13,0xf3b32fedd8af9dc3483b949bdcf771bf5dd5cf6f,1778660,1860.83317,ETH
0xaa0fd5cbaa54adfd1f8bd36cebab3a7c1cbb1d92,0xf3b32fedd8af9dc3483b949bdcf771bf5dd5cf6f,1778660,1789.770567,ETH
0xae3babebdc18edf3b56d6ba7baf7cdb302a6a8db,0xf3b32fedd8af9dc3483b949bdcf771bf5dd5cf6f,1778661,1950.220517,ETH
0xaeb18bb8d673bfbdcfa16d92656b46aedddd4136,0xf3b32fedd8af9dc3483b949bdcf771bf5dd5cf6f,1778661,2035.545825,ETH
0xb3619d2a3ea562b9defff9e30adf35011e97cdee,0xf3b32fedd8af9dc3483b949bdcf771bf5dd5cf6f,1778661,1758.522877,ETH
0x2bbbcd92caebdb94a4bec7c5c12df3fe0ef0f33f,0xe91b5e5ee1cabcbb5bef496facf684d315d124ef,1778663,3445.606071,ETH
0xbb6acaaeeef7ef1c0bc808e88aaaaa1cdf1c6bbe,0xe91b5e5ee1cabcbb5bef496facf684d315d124ef,1778663,3389.3413,ETH
0xea6edac38cdf8cbed2bba2f70e8fb690e7b497a7,0xe91b5e5ee1cabcbb5bef496facf684d315d124ef,1778663,4127.410555,ETH
0x1c2899a33a48da0bca0f3d817c931fbf75deaace,0xe91b5e5ee1cabcbb5bef496facf684d315d124ef,1778664,4085.05486,ETH
0xfc55dcad4eed963beb67bf9eb5a30c3a1ef4a37f,0xe91b5e5ee1cabcbb5bef496facf684d315d124ef,1778664,4124.706173,ETH
0xadbc40266ff0afd5046cabf1f3bdb9ddb6ba35fd,0xe91b5e5ee1cabcbb5bef496facf684d315d124ef,1778664,3060.861109,ETH
0x97aa5e57e714d3cbd4d9b6ffd5e16f233e0fc5ac,0xae685f0a1fccf3ed5cbeda46b077ee26c1825f9d,1778664,218.391426,BNB
0x9a4d3ffb5cf8e15d1d2e9c20a68b3adedf6dbb44,0xe91b5e5ee1cabcbb5bef496facf684d315d124ef,1778665,3448.166593,ETH
0x985a13631b4baf03f0bd95c9fecee73ba3bafb4b,0xe91b5e5ee1cabcbb5bef496facf684d315d124ef,1778665,3035.960705,ETH
0xefc2a9ef6d5a3f8ccecd9379ca00eafafe79d1ec,0xbb110937dbf2bea2abbebde443af84bfa41edb90,1778668,37.400367,USDT
0xf002a0bcdcdbcde21e9d02dda4cddc87de2088d2,0xd34e532a2fcaab1ae6a96cdeec099c6f5edae1fe,1778671,150.267212,ETH
0x059a104e39daabfffbeb3cf9eb4bedcb10b2feec,0xcdcef74801edbe8439eea2f4c18556af9de44ec3,1778674,4921.668693,ETH
0xc7a0afed2dfbbfe4b3fddcfac39dfed578cdad49,0xcdcef74801edbe8439eea2f4c18556af9de44ec3,1778674,6128.051194,ETH
0x59ba4fe01aa12dca0f56dedf52aa046dcb45febd,0xcdcef74801edbe8439eea2f4c18556af9de44ec3,1778674,5311.70344,ETH
0x37da1b224b4fb75a18bc7ad1c45c5ea8edacd48e,0xcdcef74801edbe8439eea2f4c18556af9de44ec3,1778675,5276.117402,ETH
0xb79db22a457cf75dbc3badaf2a1f9c536a36c24b,0xcdcef74801edbe8439eea2f4c18556af9de44ec3,1778675,5101.906018,ETH
0xe58f6f08daca2ddb6cc23e36b7572b19d8eec4cf,0xcdcef74801edbe8439eea2f4c18556af9de44ec3,1778675,5190.012684,ETH
0xb37e73cbf11685fa7a5bba2a71c746dabe8ff2e5,0xcdcef74801edbe8439eea2f4c18556af9de44ec3,1778675,5783.701069,ETH
0x138bccfc76ed68c5c9b54148824fe42ccbb0daba,0xcdcef74801edbe8439eea2f4c18556af9de44ec3,1778676,4618.369589,ETH
0x1146e61de51b30beb64df40e7fe965b1aaea8a8e,0xe34778babe1df1c3bd37edea8b2cddb63e06fb3e,1778676,13.179755,BNB
0x286e2cbcbdf0df64a6adff756ff3e0d2f8a0fcfa,0x4c006a12eaf426dadf9a308bfdf862a9b75a3b52,1778681,6293.117546,ETH
0xd4b3ddfb02ffb2f7454f47f9ec577ff665ad96ef,0x4c006a12eaf426dadf9a308bfdf862a9b75a3b52,1778681,6177.110811,ETH
0x9ddc1debaa20d40af22a80c1f3949bb8ed6fa78e,0x4c006a12eaf426dadf9a308bfdf862a9b75a3b52,1778681,5985.271322,ETH
0x9ecfd8fb27ebd840a1aefe0e1a3bc3d1d8a8fcf5,0x4c006a12eaf426dadf9a308bfdf862a9b75a3b52,1778682,4801.328572,ETH
0xbdf2593bac33ddbb5910cd0acc257ec77db7834d,0x4c006a12eaf426dadf9a308bfdf862a9b75a3b52,1778682,5776.640248,ETH
0xffc021beb57bb5cc634fbebbf8980ff9ba1aa1e7,0x4c006a12eaf426dadf9a308bfdf862a9b75a3b52,1778682,4441.745816,ETH
0x8fb3bca1bf9b32eddec6eceb036b8be8a96ee624,0x4c006a12eaf426dadf9a308bfdf862a9b75a3b52,1778683,5974.974635,ETH
0xeadcdcc69bf2b2fa43eb30ecc2490c1e4ddfeb0a,0x4c006a12eaf426dadf9a308bfdf862a9b75a3b52,1778683,4830.726859,ETH
0x71eb266a940a6df915df7e0f8848be0aa8f3be35,0xbc2cfc15be3c7b164fcf9beed4bdb3af54f7a50b,1778684,20.334171,USDT
0xf5cb8190c2d8c024a6af7ca7c3debc45a31acea1,0x097365a74c358ea6fedbf5a9d6d4a6969637ede7,1778685,20.273784,USDT
0x6eddca9a9711edb596756065ef6c626a440fcc6a,0x3429ddff4573b262ee8dc1f9c35bddaf2ee112f7,1778692,2015.519756,ETH
0xfcbcef61f2f7b3badbaafa485feea8ecd2e4dc99,0xe78cc9caa2aab2d3ab0fa23e9c9015288a0e5d71,1778692,18.554435,BNB
0x72162cdbdadbb126d4addd3c6ea0e7fb9425cbaa,0x3429ddff4573b262ee8dc1f9c35bddaf2ee112f7,1778692,1976.032039,ETH
0x3f0cfebc53bcb5f264adb1271fae5de7ff3f850b,0x3429ddff4573b262ee8dc1f9c35bddaf2ee112f7,1778692,1666.658447,ETH
0xff3df999bdbc853aabdbdc8ac1259cf2605669a9,0x3429ddff4573b262ee8dc1f9c35bddaf2ee112f7,1778693,1873.57651,ETH
0xbdccfbeda0c450a75c96b2d99ac68eb41450c3bf,0x3429ddff4573b262ee8dc1f9c35bddaf2ee112f7,1778693,1520.905953,ETH
0xcaa9448ac3a81860d9a900ca2dd45afc70fcf9bf,0x3429ddff4573b262ee8dc1f9c35bddaf2ee112f7,1778693,1699.187608,ETH
0x7d170d7d30c7a8f621baeaef24a510a7ae7a2e63,0x3429ddff4573b262ee8dc1f9c35bddaf2ee112f7,1778693,1878.841112,ETH
0x6b0cccf33e38cabdaa46ecc22cad3b4e8cce5c14,0x3429ddff4573b262ee8dc1f9c35bddaf2ee112f7,1778694,1734.664942,ETH
0xc6f3e4e342e9bd5bccc6fbe2adacf2bad5d5d4a4,0x2e3d3ca98e0ffc574e5a6ecba4ea955c58fb42aa,1778695,3140.300185,ETH
0xf31335da0c0db1d717dd4d7e17c02ebbddda5b83,0x2e3d3ca98e0ffc574e5a6ecba4ea955c58fb42aa,1778696,3286.529476,ETH
0x9b8f2fdc1631cdf9d735778df6cb86bc39818e70,0x2e3d3ca98e0ffc574e5a6ecba4ea955c58fb42aa,1778696,2778.102787,ETH
0x1e154fcfe8f1fbbe9246e2fcbdf8bd3b7d0c54f7,0x2e3d3ca98e0ffc574e5a6ecba4ea955c58fb42aa,1778696,3573.42238,ETH
0xfde8a4e08caed180137e33a2d66f3b8455b84f77,0x2e3d3ca98e0ffc574e5a6ecba4ea955c58fb42aa,1778696,3587.750687,ETH
0x3d603ffde59bdcfff2ecabd327b6dadf8c3bc3a5,0x2e3d3ca98e0ffc574e5a6ecba4ea955c58fb42aa,1778697,3508.265379,ETH
0x64adfcbdfb39ddd4bc0df90bdbceba2bac8dcf83,0x2e3d3ca98e0ffc574e5a6ecba4ea955c58fb42aa,1778697,3123.869024,ETH
0x7cb0a9fb0cfe58bbcf2d8e3d1d7d4b3373bbe1e5,0x2e3d3ca98e0ffc574e5a6ecba4ea955c58fb42aa,1778697,3004.581583,ETH
0x21f5f8559ff4de3f9ff42bc82ff3d7bdcbfd8c02,0x271c703c5bd28a18fdf99fabca9aa5dbdeebd41b,1778700,12.878352,ETH
0x30b3c1d8fab6b29cc44b29d3c60dfddcd3a7364d,0xf2b41b8b9b9321cb4ebfcaef12a2abe2dca95fdb,1778706,4867.374915,ETH
0xafbbad808c61d2fffd02dcd9c24f5e873f30f3e8,0xc449bcfa806aff42f0aaedf7dd9deeca4da37657,1778706,43.011748,BNB
0x6b315f4f4dfdfaddfef5e7cd5caebe66503ced8d,0xf2b41b8b9b9321cb4ebfcaef12a2abe2dca95fdb,1778706,5503.332237,ETH
0xcd2b1bea1fc6eaaf0a7e4101dcbf9bcf52ca51a4,0xf2b41b8b9b9321cb4ebfcaef12a2abe2dca95fdb,1778707,5761.932725,ETH
0xc915dd07f3d5b800d82bc1e1cafeeef8fc6cb99b,0xf2b41b8b9b9321cb4ebfcaef12a2abe2dca95fdb,1778707,4252.62866,ETH
0xbafa6dd77f5bcbbab54ce3bc0572ed9af212fe58,0xf2b41b8b9b9321cb4ebfcaef12a2abe2dca95fdb,1778707,4071.911255,ETH
0xddfbca141165da626cafc3c9181f0fe4ade6dee5,0xf2b41b8b9b9321cb4ebfcaef12a2abe2dca95fdb,1778708,4645.893529,ETH
0x42d19b06a9fcba02df28acd93ee29e7cd2d9635a,0xf2b41b8b9b9321cb4ebfcaef12a2abe2dca95fdb,1778708,5588.655379,ETH
0xf3cecefe2da4a81c3c2f1c87dcf6bdc454dd55b1,0xf2b41b8b9b9321cb4ebfcaef12a2abe2dca95fdb,1778708,4223.174666,ETH
0xbc7acf2bd0f79bdfbbbf360d41035cf871b801de,0xac0829c3d4d2edbd9ee2a7d639a4402108bfdad8,1778710,5850.483313,ETH
0x869cdc50492c8f97dbbc9cefbb26bfe369df4fb5,0xac0829c3d4d2edbd9ee2a7d639a4402108bfdad8,1778710,4214.989289,ETH
0xae5a594f17f2cef8fc91a7ca0272b92e7e3e2af3,0xac0829c3d4d2edbd9ee2a7d639a4402108bfdad8,1778710,5888.237388,ETH
0x6cbbe9dbb54af544fd7cbb22cda5ed87fc5cac51,0xac0829c3d4d2edbd9ee2a7d639a4402108bfdad8,1778711,5241.559579,ETH
0x6367ddb4ccc1c6de9e08b0c05ea893a0fadbabc6,0xac0829c3d4d2edbd9ee2a7d639a4402108bfdad8,1778711,5933.719113,ETH
0x175ebdd1a83761f088dda20bbdcf2fea148582c9,0xac0829c3d4d2edbd9ee2a7d639a4402108bfdad8,1778711,4428.717013,ETH
0xb0156dcf23b0ca9bc8bdac10fa829ed6a9ab4bcb,0xac0829c3d4d2edbd9ee2a7d639a4402108bfdad8,1778711,4663.32207,ETH
0x59dda7c97da02c89f98ca71ceea98b249c14f463,0xac0829c3d4d2edbd9ee2a7d639a4402108bfdad8,1778712,4459.080598,ETH
0xc6c4c80b2bcfbadb2e91bd5c59ec34dbc94bb420,0x3ada049ec792ef3b89abe10138bbedae72c73ca2,1778713,7249.26971,BTC
0xf9fe41c47652066eda6f70bf6eb89c4b8a2e8cab,0xca881b2cecaaef5b0a107d4072b23e3dbc245c2a,1778727,21.320061,ETH
0x98cdee7ccd9ba26409ac91eced50aaaebedb0ba7,0xbc8caede171b4cecbbde7e546ff3fc114bb4631f,1778728,14.133694,ETH
0xf9fe41c47652066eda6f70bf6eb89c4b8a2e8cab,0x492bac8f14fcb3a7ddfdddefaf1bf506a52f83e1,1778733,1899.497883,BNB
0xbc6ee3dbfae871cc1a3347ac73e01d44ec6e6ec0,0x82af7a7a20af5bb0e624f8b0d9be3be7bca50df8,1778735,180.19181,BTC
0xc6c4c80b2bcfbadb2e91bd5c59ec34dbc94bb420,0xef1fb24bbbbc8fcb3e93fb6e9ccca94ff0b1505b,1778738,6845.15639,BTC
0xfa0e206569f4c666df8dcfafecdd3d626653d159,0xf73af1cf26caf4afc9cc2c5bd51b8fac3bc1be76,1778740,360.899917,USDT
0x03c87a2c9faf8fcae3f3789a2c8cfa442adffe36,0x271c703c5bd28a18fdf99fabca9aa5dbdeebd41b,1778750,12.38455,BNB
0x82e9adb2bf47bef9ed11dee47a83ad6aca6f168a,0x21f5f8559ff4de3f9ff42bc82ff3d7bdcbfd8c02,1778767,45.273717,BNB
0xab5b4d5d97f365f90f04bce60422ed25db732ffe,0xfcbcef61f2f7b3badbaafa485feea8ecd2e4dc99,1778769,5.684027,BTC
0x2beffb0b2f69660029d8ebbc45ade5313d886ccb,0xd7db8bebd661ed83e75f0c4b27338e99fd5de0ed,1778782,298.755309,BTC
0xee01fac4d36a9a48ef5c1ab8d68eea2f58e7f659,0x7030c6c68b2afe5abaada92131cef2aed8dab0e5,1778794,28.200353,BNB
0x75102dfdaae6b2eae393cbdd03ebad56f077eaee,0xfc9d4f15cad3e7f70b9b44b9afce9d72b96aee22,1778798,2.698784,BNB
0x97aa5e57e714d3cbd4d9b6ffd5e16f233e0fc5ac,0xfd3110a63ab0a0353ddbafdcc66fc4ccea481842,1778798,58.909913,ETH
0xaa1cba885d5aa28c87ae6fcfde30eb878ffa6d79,0xf9fe41c47652066eda6f70bf6eb89c4b8a2e8cab,1778809,23.06884,ETH
0xaa1cba885d5aa28c87ae6fcfde30eb878ffa6d79,0xf832c2f5d24af2693e14587ab64b78c86509982c,1778810,5.161025,USDT
0x03c87a2c9faf8fcae3f3789a2c8cfa442adffe36,0xfd3110a63ab0a0353ddbafdcc66fc4ccea481842,1778815,85.338442,ETH
0xe794af55d65da53fbf5cef1ca6e1fea85889da88,0x4bff44d1acff00dc690b5d4dfaa373336d0aeb10,1778817,9.869875,BNB
0x71eb266a940a6df915df7e0f8848be0aa8f3be35,0xbbcd5d9dfa48a1b8e0eaf71d8350ee992b86110e,1778828,4.773702,BNB
0xe794af55d65da53fbf5cef1ca6e1fea85889da88,0x03c87a2c9faf8fcae3f3789a2c8cfa442adffe36,1778837,20.548399,ETH
0xe0dcefa4dfb5ef0f008de60cceb65336e8bb275b,0xbc6ee3dbfae871cc1a3347ac73e01d44ec6e6ec0,1778837,20.235222,USDT
0xdefffe5a5a2799adbdfe3e1c30c6db6e74e5adbb,0xfe157e1929fa7bddda1e3ca62ee2d7b8bf2dda66,1778868,1381.567461,BTC
0xcbbf9a61bde4aefac7a5fa8ac3e16bced9b2c8c9,0x0f4fe5b89bc5bfd28aece6e573cbfcfe5ffafdda,1778873,57.135519,ETH
0xcdbc3ca66c7fda76b5e1cafef9bcb3eb3f2df19c,0x271c703c5bd28a18fdf99fabca9aa5dbdeebd41b,1778874,4.053212,USDT
0x96ae33fb0fdf2601c24908a91f29ffcb557fefef,0x5d6bcac9090012da51099d8cd4547d9dd47d08a3,1778892,160.857282,USDT
0xcf2b5fc2faeac89abac9bffadbfd3f4fbdfded1a,0xdccbf677710fba83aaab9fcf352baf9a535aad80,1778898,32.277998,BTC
0xacabb49b4cdb178fc50d0bfca1ac3d6ff3d78bc0,0xcecda1a10aff0f403f4ec955f8f41ab5a2c95acf,1778904,52.252074,BTC
0xd8f6cc0cddd720722079ccff4efa5b9a3291a3a1,0x65fb9d09ce0e6fba4a67aadd851a42ddca73a358,1778911,7241.193804,BTC
0x2beffb0b2f69660029d8ebbc45ade5313d886ccb,0x2db3a2f711a7c3feeb56eb58d581f6ec36fbc76f,1778922,247.727448,BTC
0x0fa6184e197a6e24daedee5a5f9b0bfea99a29e2,0xee01fac4d36a9a48ef5c1ab8d68eea2f58e7f659,1778925,17.536714,USDT
0x8f93b66b6a4f02befecdfe6cffd9b54cb30e922d,0x0fa6184e197a6e24daedee5a5f9b0bfea99a29e2,1778929,47.443699,ETH
0xaf64b674dbb0415e8200a0dcb73e9b3aec3bfae2,0xc8c250abfdaab07a3c27c19c74c35bffc78d0134,1778933,20.506027,USDT
0xcdbc3ca66c7fda76b5e1cafef9bcb3eb3f2df19c,0x999bbe8dbdd623ca98d5c53deb4c1eade07bcefe,1778935,24.385918,USDT
0x8f93b66b6a4f02befecdfe6cffd9b54cb30e922d,0xbb110937dbf2bea2abbebde443af84bfa41edb90,1778935,77.032806,BNB
0xfe157e1929fa7bddda1e3ca62ee2d7b8bf2dda66,0x2db3a2f711a7c3feeb56eb58d581f6ec36fbc76f,1778936,232.5002,BTC
0x0fa6184e197a6e24daedee5a5f9b0bfea99a29e2,0xf002a0bcdcdbcde21e9d02dda4cddc87de2088d2,1778937,250.141841,BNB
0xab5b4d5d97f365f90f04bce60422ed25db732ffe,0x999bbe8dbdd623ca98d5c53deb4c1eade07bcefe,1778938,19.26702,BNB
0xcf2b5fc2faeac89abac9bffadbfd3f4fbdfded1a,0x536e963f49496ea98fadcc1217f9230c6cba8db6,1778955,14.305882,USDT
0x999bbe8dbdd623ca98d5c53deb4c1eade07bcefe,0x4bff44d1acff00dc690b5d4dfaa373336d0aeb10,1778958,84.041585,BNB
0xeedba596db9dd6e93d6ee236dea08ab065cd37db,0xdefffe5a5a2799adbdfe3e1c30c6db6e74e5adbb,1778976,7607.167949,BTC
0x1146e61de51b30beb64df40e7fe965b1aaea8a8e,0xe58b986cf5a537bcde334243bababfb6b69ec34e,1778979,161.289607,USDT
0x536e963f49496ea98fadcc1217f9230c6cba8db6,0xc449bcfa806aff42f0aaedf7dd9deeca4da37657,1778979,29.732947,BNB
0xdccbf677710fba83aaab9fcf352baf9a535aad80,0xf73af1cf26caf4afc9cc2c5bd51b8fac3bc1be76,1778992,126.575744,USDT
0xde911c9e6d12c8fec4abc5b82e823c7b6afba31e,0x3ada049ec792ef3b89abe10138bbedae72c73ca2,1778994,7102.331139,BTC
0xada7daeaa37b7dd4c9dd3c1cc4d4ecbfd8cc6adf,0xf9fe41c47652066eda6f70bf6eb89c4b8a2e8cab,1779010,0.937074,ETH
0x96ae33fb0fdf2601c24908a91f29ffcb557fefef,0xe9410a7b7aa67c2ec0ad6eb099dfdf461c2b679a,1779014,2.130216,ETH
0x5d6bcac9090012da51099d8cd4547d9dd47d08a3,0x71eb266a940a6df915df7e0f8848be0aa8f3be35,1779019,53.605164,USDT
0x0f4fe5b89bc5bfd28aece6e573cbfcfe5ffafdda,0x96ae33fb0fdf2601c24908a91f29ffcb557fefef,1779021,19.04968,BNB
0x83fbffd4a1fd868a6b9742252d1cdc5241d187b2,0x0f34c1949797ae9b681ab36cad5c3e757efefab0,1779026,3.843158,USDT
0x96ae33fb0fdf2601c24908a91f29ffcb557fefef,0x03c87a2c9faf8fcae3f3789a2c8cfa442adffe36,1779035,30.519149,ETH
0xef1fb24bbbbc8fcb3e93fb6e9ccca94ff0b1505b,0xe9fcccb1fdba6cbcec45fc95af7cd27008afc0af,1779041,1424.345285,BTC
0xe9fcccb1fdba6cbcec45fc95af7cd27008afc0af,0xb2ffe6b81919affacc1c94fb26250c658ad74de7,1779052,326.581864,BTC
0xdccbf677710fba83aaab9fcf352baf9a535aad80,0x97aa5e57e714d3cbd4d9b6ffd5e16f233e0fc5ac,1779053,25.517402,BTC
0xe9fcccb1fdba6cbcec45fc95af7cd27008afc0af,0xd7db8bebd661ed83e75f0c4b27338e99fd5de0ed,1779059,263.269583,BTC
0xff41e82517f73fbb9947fb2eb43a6cc40b1cf872,0x271c703c5bd28a18fdf99fabca9aa5dbdeebd41b,1779066,15.800581,USDT
0x4adabe3b4adfbb1bc7f426bf7f779a19703f59ca,0x4d2f4a7ec4220ceacab156d8dfd15bb45affebc6,1779070,12940.800809,USDT
0x5e3da46fb60cf16ca6aff140dac06d0cac82db31,0xbbcd5d9dfa48a1b8e0eaf71d8350ee992b86110e,1779075,11.052227,USDT
0x36bece49b0f368b7512a19dbac0ff4b396dff8ee,0xe78cc9caa2aab2d3ab0fa23e9c9015288a0e5d71,1779089,242.820166,BTC
0x4d2f4a7ec4220ceacab156d8dfd15bb45affebc6,0xffc7afb12aa4e9b82750802cd31e2b466b892aab,1779091,12681.984793,USDT
0x36bece49b0f368b7512a19dbac0ff4b396dff8ee,0x8f93b66b6a4f02befecdfe6cffd9b54cb30e922d,1779092,30.838653,USDT
0x3ada049ec792ef3b89abe10138bbedae72c73ca2,0xfe157e1929fa7bddda1e3ca62ee2d7b8bf2dda66,1779095,1132.119493,BTC
0xe0dcefa4dfb5ef0f008de60cceb65336e8bb275b,0xe58b986cf5a537bcde334243bababfb6b69ec34e,1779096,3.542467,BNB
0x0f4fe5b89bc5bfd28aece6e573cbfcfe5ffafdda,0x8ccd9dc8ebdedba6cebda4acfefc55b1dde21fef,1779101,45.809261,ETH
0x748aa9c0acaaa7ef0d677c7a58050db6c4a1c0dc,0xfcbcef61f2f7b3badbaafa485feea8ecd2e4dc99,1779104,53.861433,BNB
0xefc2a9ef6d5a3f8ccecd9379ca00eafafe79d1ec,0xfd3110a63ab0a0353ddbafdcc66fc4ccea481842,1779105,39.462367,USDT
0xada7daeaa37b7dd4c9dd3c1cc4d4ecbfd8cc6adf,0x03c87a2c9faf8fcae3f3789a2c8cfa442adffe36,1779112,56.07306,BTC
0xffc7afb12aa4e9b82750802cd31e2b466b892aab,0x5ea3de8fd63d22f1da933e5ddeb7cef4a8c7ea66,1779113,12428.345097,USDT
0xbc8caede171b4cecbbde7e546ff3fc114bb4631f,0x8f93b66b6a4f02befecdfe6cffd9b54cb30e922d,1779113,20.913121,BTC
0xf5cb8190c2d8c024a6af7ca7c3debc45a31acea1,0x71eb266a940a6df915df7e0f8848be0aa8f3be35,1779120,108.935902,ETH
0x8d9df09edcbdf7d1adda7c4f7caca9dab1bd0605,0x75102dfdaae6b2eae393cbdd03ebad56f077eaee,1779127,11.37694,ETH
0x5ea3de8fd63d22f1da933e5ddeb7cef4a8c7ea66,0xacd68e8ed1550be78a8b629d77a6ec5d19e72935,1779134,12179.778195,USDT
0x999bbe8dbdd623ca98d5c53deb4c1eade07bcefe,0x31afc738e0200bcc22e1bed0ec54cd1ddbc123dc,1779134,24.312596,USDT
0x96ae33fb0fdf2601c24908a91f29ffcb557fefef,0x75102dfdaae6b2eae393cbdd03ebad56f077eaee,1779139,191.640823,BNB
0xff41e82517f73fbb9947fb2eb43a6cc40b1cf872,0x0fa6184e197a6e24daedee5a5f9b0bfea99a29e2,1779141,6.942248,BTC
0x1e484d2f356b3b8718f3fbabbef303e7f2cda37e,0xfc9d4f15cad3e7f70b9b44b9afce9d72b96aee22,1779153,4.336742,USDT
0xacd68e8ed1550be78a8b629d77a6ec5d19e72935,0x4adabe3b4adfbb1bc7f426bf7f779a19703f59ca,1779156,11936.182631,USDT
0xaed148121aa4e240d55b7689abf1bed1a47b3ea0,0x691b95ff16e47460df9a224ce95ef9fb0bf7578b,1779159,6.149806,BNB
0x8ccd9dc8ebdedba6cebda4acfefc55b1dde21fef,0xcef73eeabbe3cca5dab1cdcba933d00e0bca0fe6,1779162,35.095207,USDT
0xabd2e1ac97065e80def03b22b3e08ae9211ad0fa,0xcbbf9a61bde4aefac7a5fa8ac3e16bced9b2c8c9,1779163,16.311634,BNB
0xb57ebc78e00e15508fc0fdc363af6faf9ccbe115,0xfd3110a63ab0a0353ddbafdcc66fc4ccea481842,1779176,36.846097,BTC
0x999bbe8dbdd623ca98d5c53deb4c1eade07bcefe,0x31afc738e0200bcc22e1bed0ec54cd1ddbc123dc,1779183,30.169323,USDT
0x1db3dc0daac4968e37137ed937abcaac444d5e03,0xfcbcef61f2f7b3badbaafa485feea8ecd2e4dc99,1779189,63.284196,BNB
0xff41e82517f73fbb9947fb2eb43a6cc40b1cf872,0xee01fac4d36a9a48ef5c1ab8d68eea2f58e7f659,1779190,2.478486,USDT
0xa151cedddffd1c095d9a96f93edac1dbfc6cbbe4,0x999bbe8dbdd623ca98d5c53deb4c1eade07bcefe,1779191,14.124746,BTC
0xefc2a9ef6d5a3f8ccecd9379ca00eafafe79d1ec,0xf1b72def42e5dcfdb4baae38d476adeeeecc075d,1779207,2.284764,BTC
0xada7daeaa37b7dd4c9dd3c1cc4d4ecbfd8cc6adf,0x5e3da46fb60cf16ca6aff140dac06d0cac82db31,1779208,1.73563,USDT
0xc8c250abfdaab07a3c27c19c74c35bffc78d0134,0x3f92966f288c00fe92ea880a9b6c51567ae7f5f3,1779228,5.141085,ETH
0xe794af55d65da53fbf5cef1ca6e1fea85889da88,0xaed148121aa4e240d55b7689abf1bed1a47b3ea0,1779233,3.763524,BNB
0xbc8caede171b4cecbbde7e546ff3fc114bb4631f,0x21f5f8559ff4de3f9ff42bc82ff3d7bdcbfd8c02,1779234,10.563965,BTC
0xa2c6a570dfb2e3518c83fde6cbaa20f5c7bf2ad1,0xee01fac4d36a9a48ef5c1ab8d68eea2f58e7f659,1779241,53.807437,BNB
0x1c8a0ded2b6dd38ec1c8c1fd29a9da6e9cdefd5d,0x82af7a7a20af5bb0e624f8b0d9be3be7bca50df8,1779244,27.739002,ETH
0x75102dfdaae6b2eae393cbdd03ebad56f077eaee,0xecfdd03d536bfcdff0ad3dd90a93ebe9b5b0b57c,1779251,201.385107,BTC
0xf73af1cf26caf4afc9cc2c5bd51b8fac3bc1be76,0x8d9df09edcbdf7d1adda7c4f7caca9dab1bd0605,1779254,147.590631,BNB
0x82af7a7a20af5bb0e624f8b0d9be3be7bca50df8,0xae2df7ef198afbd652ba7826ca93bbcd5e011eaa,1779258,13.831008,BNB
0x9bcc393cc340d6f3effe1443f58bbeaedb2ee21c,0xe9fcccb1fdba6cbcec45fc95af7cd27008afc0af,1779260,1307.276681,BTC
0x79707bab71ec73a1139bd492b1eb4acfa4c2fcf8,0x31afc738e0200bcc22e1bed0ec54cd1ddbc123dc,1779261,15.246425,ETH
0x8f93b66b6a4f02befecdfe6cffd9b54cb30e922d,0xe34778babe1df1c3bd37edea8b2cddb63e06fb3e,1779265,8.928725,USDT
0xe58b986cf5a537bcde334243bababfb6b69ec34e,0x9d4d9b21aed92b90ef5580ff8fca5b40ecfb2781,1779267,45.226904,BNB
0x7030c6c68b2afe5abaada92131cef2aed8dab0e5,0x271c703c5bd28a18fdf99fabca9aa5dbdeebd41b,1779290,10.048976,ETH
0xeedba596db9dd6e93d6ee236dea08ab065cd37db,0x3ada049ec792ef3b89abe10138bbedae72c73ca2,1779300,5594.399219,BTC
0xe9fcccb1fdba6cbcec45fc95af7cd27008afc0af,0x2db3a2f711a7c3feeb56eb58d581f6ec36fbc76f,1779304,251.176781,BTC
0xb57ebc78e00e15508fc0fdc363af6faf9ccbe115,0x21f5f8559ff4de3f9ff42bc82ff3d7bdcbfd8c02,1779304,9.04546,BNB
0xbc8caede171b4cecbbde7e546ff3fc114bb4631f,0xb57ebc78e00e15508fc0fdc363af6faf9ccbe115,1779306,87.016012,USDT
0x65fb9d09ce0e6fba4a67aadd851a42ddca73a358,0xdc7029e8ed298e5e19d1dbe28ec037b2976beeab,1779307,1391.893121,BTC
0x691b95ff16e47460df9a224ce95ef9fb0bf7578b,0xefc2a9ef6d5a3f8ccecd9379ca00eafafe79d1ec,1779308,10.726489,USDT
0xaa1cba885d5aa28c87ae6fcfde30eb878ffa6d79,0x1146e61de51b30beb64df40e7fe965b1aaea8a8e,1779308,17.345408,BNB
0xafbbad808c61d2fffd02dcd9c24f5e873f30f3e8,0xd34e532a2fcaab1ae6a96cdeec099c6f5edae1fe,1779310,299.964577,ETH
0xd8f6cc0cddd720722079ccff4efa5b9a3291a3a1,0xef1fb24bbbbc8fcb3e93fb6e9ccca94ff0b1505b,1779318,7686.25757,BTC
0xde911c9e6d12c8fec4abc5b82e823c7b6afba31e,0xef1fb24bbbbc8fcb3e93fb6e9ccca94ff0b1505b,1779336,6684.123133,BTC
0x1146e61de51b30beb64df40e7fe965b1aaea8a8e,0xae685f0a1fccf3ed5cbeda46b077ee26c1825f9d,1779342,98.784251,ETH
0xfcbcef61f2f7b3badbaafa485feea8ecd2e4dc99,0xa151cedddffd1c095d9a96f93edac1dbfc6cbbe4,1779342,21.868237,ETH
0xf1b72def42e5dcfdb4baae38d476adeeeecc075d,0xf9fe41c47652066eda6f70bf6eb89c4b8a2e8cab,1779351,6.109411,ETH
0xf9fe41c47652066eda6f70bf6eb89c4b8a2e8cab,0xe58b986cf5a537bcde334243bababfb6b69ec34e,1779363,2.997066,USDT
0x9bcc393cc340d6f3effe1443f58bbeaedb2ee21c,0xdc7029e8ed298e5e19d1dbe28ec037b2976beeab,1779372,1247.240021,BTC
0xe794af55d65da53fbf5cef1ca6e1fea85889da88,0x536e963f49496ea98fadcc1217f9230c6cba8db6,1779375,2.480427,BTC
0xcef73eeabbe3cca5dab1cdcba933d00e0bca0fe6,0xaa1cba885d5aa28c87ae6fcfde30eb878ffa6d79,1779384,2.707792,BNB
0x1c8a0ded2b6dd38ec1c8c1fd29a9da6e9cdefd5d,0x1db5a3de1c6ee6e89cfdf6c2a24e4de9bc67fe37,1779386,71.583543,ETH
0xbc2cfc15be3c7b164fcf9beed4bdb3af54f7a50b,0xbc6ee3dbfae871cc1a3347ac73e01d44ec6e6ec0,1779387,8.104328,ETH
0x940f1ac87acbd0a8aeca88017c722bfac7300f6b,0x5e3da46fb60cf16ca6aff140dac06d0cac82db31,1779387,0.487105,BTC
0xafbbad808c61d2fffd02dcd9c24f5e873f30f3e8,0x1db5a3de1c6ee6e89cfdf6c2a24e4de9bc67fe37,1779387,35.975175,ETH
0x5d6bcac9090012da51099d8cd4547d9dd47d08a3,0xbf2c7eda5cdcfdba4e0ee53f19225e0cd5f15bce,1779390,5.92951,USDT
0xf73af1cf26caf4afc9cc2c5bd51b8fac3bc1be76,0x999bbe8dbdd623ca98d5c53deb4c1eade07bcefe,1779407,70.802326,BNB
0x097365a74c358ea6fedbf5a9d6d4a6969637ede7,0x1e484d2f356b3b8718f3fbabbef303e7f2cda37e,1779410,0.942755,USDT
0x31afc738e0200bcc22e1bed0ec54cd1ddbc123dc,0xae2df7ef198afbd652ba7826ca93bbcd5e011eaa,1779418,16.394823,USDT
0x21f5f8559ff4de3f9ff42bc82ff3d7bdcbfd8c02,0x1db5a3de1c6ee6e89cfdf6c2a24e4de9bc67fe37,1779421,46.12584,BNB
0x1146e61de51b30beb64df40e7fe965b1aaea8a8e,0xae2df7ef198afbd652ba7826ca93bbcd5e011eaa,1779423,18.770098,ETH
0x8ccd9dc8ebdedba6cebda4acfefc55b1dde21fef,0x1c4ffe5f9df6ba1ace9837d3baf9434010cf6de2,1779452,0.92948,ETH
0xdc7029e8ed298e5e19d1dbe28ec037b2976beeab,0xb7d0873cc09ef1ddbafe5ff38cde8ecac70d39d9,1779455,323.631019,BTC
0xbc6ee3dbfae871cc1a3347ac73e01d44ec6e6ec0,0xf1b72def42e5dcfdb4baae38d476adeeeecc075d,1779460,29.215592,USDT
0x1c4ffe5f9df6ba1ace9837d3baf9434010cf6de2,0x1db5a3de1c6ee6e89cfdf6c2a24e4de9bc67fe37,1779464,2.353412,ETH
0x2beffb0b2f69660029d8ebbc45ade5313d886ccb,0xb2ffe6b81919affacc1c94fb26250c658ad74de7,1779469,270.097134,BTC
0xfa0e206569f4c666df8dcfafecdd3d626653d159,0xaed148121aa4e240d55b7689abf1bed1a47b3ea0,1779470,12.503357,ETH
0xc8c250abfdaab07a3c27c19c74c35bffc78d0134,0xefc2a9ef6d5a3f8ccecd9379ca00eafafe79d1ec,1779471,5.524869,BNB
0xfe157e1929fa7bddda1e3ca62ee2d7b8bf2dda66,0xb7d0873cc09ef1ddbafe5ff38cde8ecac70d39d9,1779476,311.113234,BTC
0xf1b72def42e5dcfdb4baae38d476adeeeecc075d,0xa151cedddffd1c095d9a96f93edac1dbfc6cbbe4,1779490,1.853846,USDT
0x748aa9c0acaaa7ef0d677c7a58050db6c4a1c0dc,0x1146e61de51b30beb64df40e7fe965b1aaea8a8e,1779497,18.495606,USDT
0xd8dea305a10ffaebfdeaeccad10fe2ef3f7518d0,0xddac4cfed3617ccb77714dc0e9b56cd7ab35bf9a,1779502,212.131708,ETH
0xd8dea305a10ffaebfdeaeccad10fe2ef3f7518d0,0xcac8dcb4b7cafadcc1e2950deb5db657e3ae2f01,1779502,18382.024819,ETH
0xcac8dcb4b7cafadcc1e2950deb5db657e3ae2f01,0x21238d8adfcadccfec1aca627ce40d8036190bbb,1779503,322.036031,ETH
0xcac8dcb4b7cafadcc1e2950deb5db657e3ae2f01,0x94cb4122a6ca94adefff12dab5f7f09d1c3ce0ac,1779503,18059.988788,ETH
0x94cb4122a6ca94adefff12dab5f7f09d1c3ce0ac,0xf998f71b17dda0a2eeb0be6ccae45597fddf7ff4,1779505,273.524179,ETH
0x94cb4122a6ca94adefff12dab5f7f09d1c3ce0ac,0xc701957cb8ad8166d66b91ded6a1cd3ac3cd6a96,1779505,17786.464609,ETH
0xc701957cb8ad8166d66b91ded6a1cd3ac3cd6a96,0xf4affbdd9d2eae7fc4cf18dbf30bd7dee2ecaa9c,1779507,311.663159,ETH
0xc701957cb8ad8166d66b91ded6a1cd3ac3cd6a96,0x8c3fba6fa1e2c3ddf2fc0aea5a62e7d133b3a96a,1779507,17474.801451,ETH
0x2beffb0b2f69660029d8ebbc45ade5313d886ccb,0xb7d0873cc09ef1ddbafe5ff38cde8ecac70d39d9,1779509,283.344016,BTC
0x8c3fba6fa1e2c3ddf2fc0aea5a62e7d133b3a96a,0x6aacb199a1bd3a904e9eebeef6a797ffcf8471a6,1779509,117.612316,ETH
0x8c3fba6fa1e2c3ddf2fc0aea5a62e7d133b3a96a,0x708c1ff86dd4d8fd6f6c4abdfdaddfdaafadbff4,1779509,17357.189135,ETH
0x708c1ff86dd4d8fd6f6c4abdfdaddfdaafadbff4,0xb3a29d5bed6fe6efc44a63fcb2dbeb2c7de9362b,1779511,202.680931,ETH
0x708c1ff86dd4d8fd6f6c4abdfdaddfdaafadbff4,0xacba4ff346d2a8952abde0b0eade28dd0eb43ad7,1779511,17154.508204,ETH
0x65fb9d09ce0e6fba4a67aadd851a42ddca73a358,0xc0a9eecc7a2d2e02d062aaed00bc2ae87cd316dc,1779512,1333.518923,BTC
0xacba4ff346d2a8952abde0b0eade28dd0eb43ad7,0xc2e44c4b74deb7426fbeff1afbfa75da9dacc52b,1779512,177.693295,ETH
0xacba4ff346d2a8952abde0b0eade28dd0eb43ad7,0xacebbafca419c93bf3efa1e659bf6aabd2a0d232,1779512,16976.814908,ETH
0xacebbafca419c93bf3efa1e659bf6aabd2a0d232,0xb5fccb953490ecfde71adb5cf0300d6cdbbebefa,1779514,101.51496,ETH
0xacebbafca419c93bf3efa1e659bf6aabd2a0d232,0x9ba5e47f676552412369e5aa2b44a7f1ca2b18e5,1779514,16875.299949,ETH
0xcef73eeabbe3cca5dab1cdcba933d00e0bca0fe6,0xfc9d4f15cad3e7f70b9b44b9afce9d72b96aee22,1779527,7.850635,BNB
0x0f4fe5b89bc5bfd28aece6e573cbfcfe5ffafdda,0xa151cedddffd1c095d9a96f93edac1dbfc6cbbe4,1779540,2.263751,USDT
0x2beffb0b2f69660029d8ebbc45ade5313d886ccb,0xfad2aadd3cbbeafbfe70dfe3eeda5d5e0cb2e54d,1779545,290.682366,BTC
0x8f93b66b6a4f02befecdfe6cffd9b54cb30e922d,0x940f1ac87acbd0a8aeca88017c722bfac7300f6b,1779545,125.668976,ETH
0xacabb49b4cdb178fc50d0bfca1ac3d6ff3d78bc0,0xab5b4d5d97f365f90f04bce60422ed25db732ffe,1779551,84.745149,BNB
0xcbbf9a61bde4aefac7a5fa8ac3e16bced9b2c8c9,0xfc9d4f15cad3e7f70b9b44b9afce9d72b96aee22,1779556,36.810596,BTC
0xaed148121aa4e240d55b7689abf1bed1a47b3ea0,0x1e484d2f356b3b8718f3fbabbef303e7f2cda37e,1779566,4.627255,USDT
0x696bbea670ece9f86030fca56d960a937b7c05b2,0x5e3da46fb60cf16ca6aff140dac06d0cac82db31,1779570,52.510864,USDT
0x1e484d2f356b3b8718f3fbabbef303e7f2cda37e,0xbc8caede171b4cecbbde7e546ff3fc114bb4631f,1779571,20.917713,BNB
0xc449bcfa806aff42f0aaedf7dd9deeca4da37657,0xbc8caede171b4cecbbde7e546ff3fc114bb4631f,1779571,113.548241,ETH
0x536e963f49496ea98fadcc1217f9230c6cba8db6,0xcbbf9a61bde4aefac7a5fa8ac3e16bced9b2c8c9,1779574,17.49696,BTC
0xefc2a9ef6d5a3f8ccecd9379ca00eafafe79d1ec,0xbc2cfc15be3c7b164fcf9beed4bdb3af54f7a50b,1779581,43.265799,BNB
0xdabcd3c2e647cf553d2093cf3b5d07e5ee877e55,0xada7daeaa37b7dd4c9dd3c1cc4d4ecbfd8cc6adf,1779584,42.814085,USDT
0x1c4ffe5f9df6ba1ace9837d3baf9434010cf6de2,0xaa1cba885d5aa28c87ae6fcfde30eb878ffa6d79,1779587,136.407117,BNB
0xff41e82517f73fbb9947fb2eb43a6cc40b1cf872,0xe9410a7b7aa67c2ec0ad6eb099dfdf461c2b679a,1779590,92.471729,ETH
0xae685f0a1fccf3ed5cbeda46b077ee26c1825f9d,0xe0dcefa4dfb5ef0f008de60cceb65336e8bb275b,1779606,11.990201,ETH
0xcef73eeabbe3cca5dab1cdcba933d00e0bca0fe6,0x999bbe8dbdd623ca98d5c53deb4c1eade07bcefe,1779615,87.380487,BTC
0xacabb49b4cdb178fc50d0bfca1ac3d6ff3d78bc0,0x21f5f8559ff4de3f9ff42bc82ff3d7bdcbfd8c02,1779626,9.696389,ETH
0xcef73eeabbe3cca5dab1cdcba933d00e0bca0fe6,0x5e3da46fb60cf16ca6aff140dac06d0cac82db31,1779628,19.524727,BNB
0xcbbf9a61bde4aefac7a5fa8ac3e16bced9b2c8c9,0x3dda2ce1af3cfa7c7ef12d110fde5c2d8c98f2f8,1779628,36.934229,BTC
0x3f92966f288c00fe92ea880a9b6c51567ae7f5f3,0xabd2e1ac97065e80def03b22b3e08ae9211ad0fa,1779632,8.262152,USDT
0xae2df7ef198afbd652ba7826ca93bbcd5e011eaa,0x36bece49b0f368b7512a19dbac0ff4b396dff8ee,1779639,55.87289,BNB
0x5cfaa42b27b3c4f8ad5cba7af1d1e4b5aa6ecfd3,0xcecda1a10aff0f403f4ec955f8f41ab5a2c95acf,1779648,114.249415,BTC
0x940f1ac87acbd0a8aeca88017c722bfac7300f6b,0xbf2c7eda5cdcfdba4e0ee53f19225e0cd5f15bce,1779654,5.890479,BTC
0xcef73eeabbe3cca5dab1cdcba933d00e0bca0fe6,0x3dda2ce1af3cfa7c7ef12d110fde5c2d8c98f2f8,1779660,22.607573,BNB
0x5e3da46fb60cf16ca6aff140dac06d0cac82db31,0x8d9df09edcbdf7d1adda7c4f7caca9dab1bd0605,1779668,6.148111,BNB
0x82af7a7a20af5bb0e624f8b0d9be3be7bca50df8,0x8d9df09edcbdf7d1adda7c4f7caca9dab1bd0605,1779687,2.212836,ETH
0xf832c2f5d24af2693e14587ab64b78c86509982c,0x70d8beadcae2d6aab8979b7edf8f39acfd7ad004,1779688,21.070331,USDT
0x3f92966f288c00fe92ea880a9b6c51567ae7f5f3,0x271c703c5bd28a18fdf99fabca9aa5dbdeebd41b,1779704,5.067334,ETH
0xe794af55d65da53fbf5cef1ca6e1fea85889da88,0xaf64b674dbb0415e8200a0dcb73e9b3aec3bfae2,1779711,24.032645,BTC
0xb57ebc78e00e15508fc0fdc363af6faf9ccbe115,0x696bbea670ece9f86030fca56d960a937b7c05b2,1779729,189.25755,ETH
0xdccbf677710fba83aaab9fcf352baf9a535aad80,0x21f5f8559ff4de3f9ff42bc82ff3d7bdcbfd8c02,1779734,17.338192,BTC
0xdccbf677710fba83aaab9fcf352baf9a535aad80,0x5d6bcac9090012da51099d8cd4547d9dd47d08a3,1779736,4.581973,BTC
0xf832c2f5d24af2693e14587ab64b78c86509982c,0x1146e61de51b30beb64df40e7fe965b1aaea8a8e,1779741,37.56027,ETH
0xefc2a9ef6d5a3f8ccecd9379ca00eafafe79d1ec,0x98cdee7ccd9ba26409ac91eced50aaaebedb0ba7,1779743,24.909875,USDT
0xe9410a7b7aa67c2ec0ad6eb099dfdf461c2b679a,0xbc2cfc15be3c7b164fcf9beed4bdb3af54f7a50b,1779746,21.201971,BNB
0x31afc738e0200bcc22e1bed0ec54cd1ddbc123dc,0x5d6bcac9090012da51099d8cd4547d9dd47d08a3,1779747,2.459281,BNB
0xaa1cba885d5aa28c87ae6fcfde30eb878ffa6d79,0xca881b2cecaaef5b0a107d4072b23e3dbc245c2a,1779753,9.626337,BTC
0xb57ebc78e00e15508fc0fdc363af6faf9ccbe115,0xff41e82517f73fbb9947fb2eb43a6cc40b1cf872,1779759,13.50257,USDT
0xc8c250abfdaab07a3c27c19c74c35bffc78d0134,0xca2acf96fc1b2badb2008eb3d1aca59dbb8cda4b,1779759,212.603425,USDT
0xf5cb8190c2d8c024a6af7ca7c3debc45a31acea1,0x1c6fbe288afbcfdc5bf3ea8eacbfa2b8a6b82d1e,1779761,12.385967,USDT
0xf832c2f5d24af2693e14587ab64b78c86509982c,0xe34778babe1df1c3bd37edea8b2cddb63e06fb3e,1779763,2.199557,ETH
0x31afc738e0200bcc22e1bed0ec54cd1ddbc123dc,0x71eb266a940a6df915df7e0f8848be0aa8f3be35,1779766,1.593479,BNB
0x1db5a3de1c6ee6e89cfdf6c2a24e4de9bc67fe37,0xacabb49b4cdb178fc50d0bfca1ac3d6ff3d78bc0,1779768,109.99021,BNB
0x1c6fbe288afbcfdc5bf3ea8eacbfa2b8a6b82d1e,0xf5cb8190c2d8c024a6af7ca7c3debc45a31acea1,1779774,2.551634,USDT
0x4bff44d1acff00dc690b5d4dfaa373336d0aeb10,0x536e963f49496ea98fadcc1217f9230c6cba8db6,1779778,25.064551,USDT
0x1146e61de51b30beb64df40e7fe965b1aaea8a8e,0x82af7a7a20af5bb0e624f8b0d9be3be7bca50df8,1779793,8.910747,ETH
0x71eb266a940a6df915df7e0f8848be0aa8f3be35,0xca881b2cecaaef5b0a107d4072b23e3dbc245c2a,1779794,2.750635,USDT
0x9d4d9b21aed92b90ef5580ff8fca5b40ecfb2781,0x0fa6184e197a6e24daedee5a5f9b0bfea99a29e2,1779806,11.46848,USDT
0xe0dcefa4dfb5ef0f008de60cceb65336e8bb275b,0x7030c6c68b2afe5abaada92131cef2aed8dab0e5,1779809,19.860478,USDT
0x0f4fe5b89bc5bfd28aece6e573cbfcfe5ffafdda,0xfd3110a63ab0a0353ddbafdcc66fc4ccea481842,1779814,5.323265,BTC
0x4bff44d1acff00dc690b5d4dfaa373336d0aeb10,0xf832c2f5d24af2693e14587ab64b78c86509982c,1779821,243.208737,USDT
0xcbbf9a61bde4aefac7a5fa8ac3e16bced9b2c8c9,0xae685f0a1fccf3ed5cbeda46b077ee26c1825f9d,1779829,50.575827,ETH
0xe78cc9caa2aab2d3ab0fa23e9c9015288a0e5d71,0xca881b2cecaaef5b0a107d4072b23e3dbc245c2a,1779862,2.521115,BNB
0xbfedb7adcca1ffb1dd3d5b400e8cce2aa5d231a2,0x79707bab71ec73a1139bd492b1eb4acfa4c2fcf8,1779864,0.664594,ETH
0xa2c6a570dfb2e3518c83fde6cbaa20f5c7bf2ad1,0xcdbc3ca66c7fda76b5e1cafef9bcb3eb3f2df19c,1779867,0.240286,USDT
0xe34778babe1df1c3bd37edea8b2cddb63e06fb3e,0x1e484d2f356b3b8718f3fbabbef303e7f2cda37e,1779882,79.975402,ETH
0xe9410a7b7aa67c2ec0ad6eb099dfdf461c2b679a,0xe591f5aafe2e2bc1e8fadcba5ce25e24eebeb14f,1779888,1.725236,ETH
0x234bcdee7c3a215ffc54acae1edc8c4f25cbf18c,0x96ae33fb0fdf2601c24908a91f29ffcb557fefef,1779895,19.084132,USDT
0x1c4ffe5f9df6ba1ace9837d3baf9434010cf6de2,0x0f34c1949797ae9b681ab36cad5c3e757efefab0,1779897,10.635549,BTC
0xaed148121aa4e240d55b7689abf1bed1a47b3ea0,0x0fa6184e197a6e24daedee5a5f9b0bfea99a29e2,1779917,88.19551,USDT
0xfa0e206569f4c666df8dcfafecdd3d626653d159,0xf832c2f5d24af2693e14587ab64b78c86509982c,1779918,138.462852,ETH
0x999bbe8dbdd623ca98d5c53deb4c1eade07bcefe,0xada7daeaa37b7dd4c9dd3c1cc4d4ecbfd8cc6adf,1779922,83.440791,BTC
0x1e484d2f356b3b8718f3fbabbef303e7f2cda37e,0x36bece49b0f368b7512a19dbac0ff4b396dff8ee,1779932,11.067363,USDT
